,Agency_Text,Sex_Code_Text,Ethnic_Code_Text,DateOfBirth,ScaleSet_ID,AssessmentReason,Language,LegalStatus,CustodyStatus,MaritalStatus,Screening_Date,RecSupervisionLevel,Scale_ID,ScoreText
0,PRETRIAL,1,Caucasian,718780528,22,Intake,English,Pretrial,Pretrial Defendant,Divorced,1358466209,2,8,Low
1,PRETRIAL,1,African-American,-668909899,22,Intake,English,Pretrial,Jail Inmate,Single,1359204911,1,8,Medium
2,PRETRIAL,1,African-American,316151480,22,Intake,English,Pretrial,Jail Inmate,Single,1357521222,2,8,High
3,Probation,1,Hispanic,-416209313,22,Intake,English,Post Sentence,Probation,Separated,1357548592,2,8,High
4,PRETRIAL,1,Caucasian,-27325578,22,Intake,English,Pretrial,Jail Inmate,Single,1358320294,1,8,Low
5,Probation,1,Hispanic,468021397,22,Intake,English,Post Sentence,Jail Inmate,Single,1358967628,4,8,High
6,Probation,0,Hispanic,-918020190,22,Intake,English,Pretrial,Probation,Single,1357488092,1,8,Low
7,PRETRIAL,1,Native American,526769543,22,Intake,English,Pretrial,Jail Inmate,Married,1358823343,4,8,Low
8,Probation,1,African-American,-210560000,22,Intake,English,Post Sentence,Pretrial Defendant,Single,1358907979,1,8,Low
9,PRETRIAL,1,African-American,286037852,22,Intake,English,Pretrial,Jail Inmate,Single,1357393350,1,8,High
10,Probation,1,Hispanic,721889154,22,Intake,English,Conditional Release,Probation,Divorced,1359056479,3,8,Medium
11,PRETRIAL,1,Hispanic,-479873755,17,Intake,English,Pretrial,Jail Inmate,Separated,1357830886,1,8,High
12,Probation,0,African-American,-713679614,22,Intake,English,Pretrial,Probation,Single,1357826413,1,8,Low
13,PRETRIAL,0,African-American,477996870,17,Intake,English,Post Sentence,Jail Inmate,Married,1357531683,4,8,Low
14,Probation,1,Caucasian,789177600,22,Intake,English,Pretrial,Jail Inmate,Single,1357584313,1,8,Medium
15,PRETRIAL,1,African-American,-924089602,22,Intake,English,Pretrial,Jail Inmate,Single,1358549815,1,8,Low
16,PRETRIAL,1,African-American,531307092,22,Intake,English,Post Sentence,Jail Inmate,Single,1357642540,1,8,Low
17,PRETRIAL,1,African-American,409254421,22,Intake,English,Pretrial,Jail Inmate,Divorced,1358761395,2,8,Low
18,PRETRIAL,1,African-American,229375366,22,Intake,English,Pretrial,Probation,Single,1357439521,1,8,Low
19,PRETRIAL,1,African-American,584725485,22,Intake,English,Post Sentence,Pretrial Defendant,Single,1359363277,1,8,Low
20,Probation,0,Hispanic,772851633,22,Intake,English,Pretrial,Probation,Divorced,1358943965,1,8,Low
21,DRRD,1,African-American,775154723,17,Intake,English,Pretrial,Probation,Single,1358391799,4,8,Low
22,PRETRIAL,1,Caucasian,243902449,22,Intake,English,Pretrial,Jail Inmate,Married,1358657021,3,8,Medium
23,Probation,1,Asian,619951892,22,Intake,English,Pretrial,Pretrial Defendant,Single,1357378027,1,8,Low
24,Probation,0,African-American,611341698,17,Intake,English,Post Sentence,Probation,Widowed,1357388933,1,8,Medium
25,PRETRIAL,1,African-American,586562811,22,Intake,English,Pretrial,Pretrial Defendant,Single,1357663026,3,8,Medium
26,Probation,1,African-American,-236713740,22,Intake,Spanish,Pretrial,Probation,Married,1357639393,3,8,Low
27,PRETRIAL,0,Caucasian,680359103,22,Intake,English,Pretrial,Jail Inmate,Single,1358703249,1,8,Low
28,PRETRIAL,1,African-American,789177600,22,Intake,English,Pretrial,Jail Inmate,Separated,1358222044,1,8,Medium
29,PRETRIAL,1,Hispanic,284497307,22,Intake,English,Pretrial,Probation,Single,1358888117,2,8,Low
30,PRETRIAL,1,African-American,223367046,22,Intake,English,Other,Jail Inmate,Married,1359161521,1,8,Low
31,PRETRIAL,1,Caucasian,-417549659,22,Intake,English,Post Sentence,Jail Inmate,Single,1357563884,1,8,Medium
32,PRETRIAL,1,African-American,-733523538,22,Intake,English,Pretrial,Probation,Married,1359395530,1,8,Low
33,PRETRIAL,1,African-American,335812944,22,Intake,English,Pretrial,Jail Inmate,Single,1358706836,4,8,Low
34,Probation,1,Hispanic,176256125,22,Intake,English,Post Sentence,Jail Inmate,Single,1359239433,4,8,Medium
35,Probation,1,Caucasian,667023382,22,Intake,English,Pretrial,Jail Inmate,Single,1359242129,4,8,Low
36,Probation,0,African-American,-1011352171,22,Intake,English,Pretrial,Pretrial Defendant,Single,1358068371,1,8,High
37,PRETRIAL,0,African-American,-240123885,22,Intake,English,Post Sentence,Probation,Single,1359231170,2,8,Low
38,Probation,1,African-American,708880793,22,Intake,English,Post Sentence,Probation,Single,1358215346,1,8,Low
39,Probation,1,Hispanic,198204705,22,Intake,English,Pretrial,Jail Inmate,Single,1358222655,1,8,Low
40,Probation,1,African-American,-595190626,22,Intake,English,Pretrial,Pretrial Defendant,Single,1359264919,2,8,Low
41,Probation,1,African-American,558374689,22,Intake,English,Pretrial,Jail Inmate,Married,1358680740,1,8,High
42,PRETRIAL,1,African-American,438005063,22,Intake,English,Pretrial,Jail Inmate,Married,1357202494,1,8,High
43,Probation,1,Caucasian,354358139,22,Intake,English,Pretrial,Probation,Married,1358781808,3,8,Low
44,PRETRIAL,1,Hispanic,395719471,22,Intake,English,Pretrial,Jail Inmate,Married,1357660445,1,8,Low
45,PRETRIAL,0,African-American,390936711,22,Intake,English,Pretrial,Pretrial Defendant,Single,1357638473,1,8,High
46,PRETRIAL,1,African-American,574829705,22,Intake,English,Pretrial,Probation,Single,1357878434,1,8,Low
47,Probation,1,Hispanic,-606465842,22,Intake,English,Pretrial,Jail Inmate,Single,1358299166,3,8,High
48,Probation,1,Caucasian,-136419300,17,Intake,English,Pretrial,Jail Inmate,Single,1358061725,3,8,Low
49,PRETRIAL,1,African-American,419033788,22,Intake,English,Pretrial,Jail Inmate,Single,1359504000,3,8,Medium
50,Probation,1,African-American,789177600,17,Intake,English,Pretrial,Jail Inmate,Single,1358655104,2,8,Low
51,PRETRIAL,1,African-American,674827123,22,Intake,English,Pretrial,Jail Inmate,Separated,1359049634,4,8,Medium
52,Probation,1,African-American,525378131,22,Intake,English,Pretrial,Probation,Single,1358440727,4,8,Medium
53,PRETRIAL,1,Hispanic,525805230,22,Intake,English,Pretrial,Pretrial Defendant,Single,1358373757,1,8,Low
54,Probation,1,Caucasian,456088436,22,Intake,English,Pretrial,Jail Inmate,Single,1359180776,3,8,Low
55,PRETRIAL,1,Caucasian,700369601,17,Intake,English,Pretrial,Pretrial Defendant,Married,1358182343,1,8,Low
56,Probation,1,Hispanic,590894646,22,Intake,English,Pretrial,Probation,Single,1358478025,1,8,Low
57,PRETRIAL,0,Caucasian,-906888365,22,Intake,English,Pretrial,Prison Inmate,Married,1358756975,1,8,Low
58,PRETRIAL,1,African-American,-106702138,22,Intake,English,Pretrial,Pretrial Defendant,Single,1357801607,3,8,Low
59,PRETRIAL,1,African-American,126058570,22,Intake,English,Post Sentence,Jail Inmate,Single,1359209427,1,8,Low
60,PRETRIAL,0,African-American,-1030312348,22,Intake,English,Pretrial,Jail Inmate,Single,1357126564,1,8,Low
61,PRETRIAL,1,Hispanic,157673556,22,Intake,English,Pretrial,Probation,Single,1358278364,1,8,Medium
62,PRETRIAL,0,African-American,508994693,22,Intake,English,Post Sentence,Jail Inmate,Separated,1359098381,1,8,Low
63,PRETRIAL,1,African-American,41175849,22,Intake,English,Pretrial,Jail Inmate,Significant Other,1359314605,4,8,Low
64,Probation,1,Hispanic,467465075,22,Intake,English,Pretrial,Jail Inmate,Single,1357279467,2,8,Low
65,PRETRIAL,1,Other,-6190045,22,Intake,English,Pretrial,Jail Inmate,Married,1357484415,1,8,Medium
66,PRETRIAL,1,African-American,-604182166,22,Intake,English,Pretrial,Probation,Single,1357920018,1,8,Medium
67,Probation,0,Hispanic,644996766,17,Intake,English,Pretrial,Probation,Single,1358626368,4,8,Low
68,DRRD,1,African-American,259874999,22,Intake,English,Pretrial,Probation,Single,1358492611,1,8,Low
69,PRETRIAL,1,African-American,423939429,17,Intake,English,Pretrial,Jail Inmate,Single,1358814843,1,8,Low
70,Probation,1,Hispanic,-241404449,22,Intake,English,Pretrial,Probation,Divorced,1359300390,1,8,Medium
71,PRETRIAL,1,Hispanic,489498284,22,Intake,English,Pretrial,Jail Inmate,Single,1358688090,1,8,High
72,PRETRIAL,0,Caucasian,-183991897,22,Intake,English,Pretrial,Probation,Single,1357032319,1,8,High
73,Probation,1,African-American,475981802,22,Intake,English,Pretrial,Jail Inmate,Single,1357809289,1,8,Low
74,PRETRIAL,0,Caucasian,-975967227,22,Intake,English,Post Sentence,Jail Inmate,Single,1357855785,1,8,High
75,Probation,1,Asian,101372724,22,Intake,English,Pretrial,Probation,Single,1357832961,1,8,High
76,DRRD,1,Caucasian,789177600,22,Intake,English,Post Sentence,Probation,Single,1358925927,4,8,High
77,PRETRIAL,0,Caucasian,-1271721600,22,Intake,English,Pretrial,Residential Program,Single,1357490575,3,8,High
78,Probation,1,African-American,330074572,22,Intake,English,Pretrial,Jail Inmate,Single,1357599925,2,8,Low
79,PRETRIAL,1,African-American,789177600,22,Intake,English,Pretrial,Probation,Single,1359137054,1,8,Low
80,PRETRIAL,0,Hispanic,-460190826,22,Intake,English,Pretrial,Probation,Single,1357737077,3,8,Low
81,PRETRIAL,0,African-American,292641039,22,Intake,English,Pretrial,Jail Inmate,Single,1357693250,1,8,Low
82,PRETRIAL,1,African-American,562481016,22,Intake,English,Pretrial,Jail Inmate,Widowed,1357883514,2,8,Medium
83,PRETRIAL,1,Hispanic,623294338,22,Intake,English,Pretrial,Jail Inmate,Married,1357189451,2,8,High
84,PRETRIAL,0,Hispanic,422463639,17,Intake,English,Pretrial,Jail Inmate,Single,1358422304,1,8,High
85,Probation,1,Caucasian,421894679,22,Intake,English,Pretrial,Jail Inmate,Single,1358875034,1,8,Low
86,DRRD,1,Hispanic,490192763,22,Intake,English,Pretrial,Jail Inmate,Married,1358930696,1,8,Medium
87,Probation,1,African-American,789177600,17,Intake,English,Pretrial,Jail Inmate,Single,1357493183,1,8,Low
88,PRETRIAL,1,African-American,-1057664376,22,Intake,English,Pretrial,Jail Inmate,Single,1358306815,1,8,Medium
89,PRETRIAL,1,Hispanic,207097099,22,Intake,English,Pretrial,Probation,Single,1359164193,1,8,High
90,Probation,0,Hispanic,584886078,22,Intake,English,Post Sentence,Probation,Single,1357297506,2,8,Medium
91,PRETRIAL,1,Caucasian,789177600,22,Intake,English,Pretrial,Jail Inmate,Single,1358555762,3,8,Low
92,PRETRIAL,1,African-American,-630888475,22,Intake,English,Pretrial,Probation,Single,1357881477,1,8,High
93,PRETRIAL,0,Hispanic,154733918,22,Intake,English,Pretrial,Probation,Single,1359100371,1,8,Low
94,PRETRIAL,1,African-American,515149507,22,Intake,English,Pretrial,Probation,Single,1359316060,1,8,Low
95,PRETRIAL,0,Asian,225825107,22,Intake,English,Pretrial,Pretrial Defendant,Single,1357777995,1,8,Low
96,PRETRIAL,1,Caucasian,207262473,22,Intake,English,Pretrial,Jail Inmate,Single,1357249373,3,8,High
97,PRETRIAL,0,Hispanic,70319009,22,Intake,English,Pretrial,Jail Inmate,Single,1358719763,2,8,Low
98,PRETRIAL,1,African-American,-651748220,22,Intake,Spanish,Pretrial,Jail Inmate,Single,1357844242,2,8,Low
99,PRETRIAL,1,African-American,569791505,22,Intake,English,Pretrial,Jail Inmate,Single,1358073167,3,8,Medium
100,PRETRIAL,1,Caucasian,164097622,17,Intake,English,Pretrial,Jail Inmate,Single,1356998400,1,8,High
101,PRETRIAL,1,African-American,479614046,22,Intake,English,Post Sentence,Pretrial Defendant,Single,1357941384,1,8,Low
102,Probation,1,African-American,-528000053,22,Intake,English,Pretrial,Probation,Single,1359253721,2,8,High
103,PRETRIAL,0,African-American,520267290,22,Intake,English,Pretrial,Probation,Single,1357112400,1,8,Medium
104,Probation,1,Other,-428619440,17,Intake,English,Pretrial,Jail Inmate,Married,1359504000,3,8,High
105,Probation,1,African-American,54735877,22,Intake,English,Pretrial,Probation,Single,1358438919,4,8,Medium
106,PRETRIAL,1,Hispanic,86168350,22,Intake,English,Other,Jail Inmate,Single,1358438915,1,8,Low
107,PRETRIAL,1,Oriental,429030425,22,Intake,English,Pretrial,Pretrial Defendant,Married,1358353933,1,8,Medium
108,PRETRIAL,1,Caucasian,588397621,22,Intake,English,Pretrial,Residential Program,Single,1357689702,1,8,Medium
109,PRETRIAL,1,Caucasian,502152065,22,Intake,English,Pretrial,Residential Program,Single,1357631118,1,8,Low
110,PRETRIAL,0,Oriental,-100566551,17,Intake,English,Pretrial,Pretrial Defendant,Single,1359017252,1,8,High
111,PRETRIAL,1,Hispanic,114564542,22,Intake,English,Pretrial,Probation,Single,1357962107,1,8,Low
112,PRETRIAL,1,Caucasian,36289445,22,Intake,English,Post Sentence,Jail Inmate,Significant Other,1358840803,2,8,High
113,PRETRIAL,1,Caucasian,544600329,22,Intake,English,Pretrial,Jail Inmate,Married,1357628525,3,8,Low
114,Probation,1,Caucasian,-482616945,22,Intake,English,Pretrial,Probation,Separated,1358185742,3,8,Low
115,PRETRIAL,1,Caucasian,-481362225,22,Intake,English,Conditional Release,Probation,Single,1359243715,1,8,High
116,Probation,1,African-American,-1087889548,22,Intake,English,Pretrial,Jail Inmate,Single,1358435082,2,8,Low
117,PRETRIAL,1,Caucasian,789177600,22,Intake,English,Pretrial,Pretrial Defendant,Single,1357072812,1,8,Low
118,PRETRIAL,1,Caucasian,36102526,22,Intake,English,Pretrial,Jail Inmate,Single,1357323037,1,8,Low
119,PRETRIAL,1,Hispanic,391044464,22,Intake,English,Pretrial,Jail Inmate,Divorced,1359066300,2,8,Low
120,PRETRIAL,1,African-American,426681276,22,Intake,English,Other,Jail Inmate,Single,1359504000,1,8,Low
121,Probation,1,Caucasian,757595579,22,Intake,English,Pretrial,Jail Inmate,Single,1357872162,4,8,Low
122,PRETRIAL,1,African-American,246465015,17,Intake,English,Post Sentence,Probation,Single,1357002930,1,8,Low
123,PRETRIAL,1,African-American,265266503,22,Intake,English,Other,Jail Inmate,Single,1356998400,1,8,Low
124,PRETRIAL,1,African-American,-182888690,22,Intake,English,Pretrial,Jail Inmate,Married,1356998400,1,8,Low
125,Probation,1,Hispanic,640976281,22,Intake,English,Pretrial,Probation,Single,1358963356,3,8,Medium
126,PRETRIAL,0,African-American,-409457728,22,Intake,English,Pretrial,Jail Inmate,Significant Other,1358732213,1,8,High
127,Probation,0,Caucasian,-219694639,17,Intake,English,Pretrial,Jail Inmate,Single,1358800238,1,8,Low
128,Probation,1,African-American,315910597,22,Intake,English,Pretrial,Jail Inmate,Single,1357894828,1,8,Low
129,PRETRIAL,1,Caucasian,324359541,22,Intake,English,Pretrial,Pretrial Defendant,Single,1359179820,2,8,Medium
130,PRETRIAL,1,Caucasian,314787151,22,Intake,English,Other,Jail Inmate,Single,1359162852,4,8,Medium
131,PRETRIAL,1,Hispanic,406263758,22,Intake,English,Post Sentence,Probation,Single,1358641320,1,8,Low
132,PRETRIAL,0,African-American,-1040696262,22,Intake,English,Pretrial,Probation,Single,1358834999,2,8,Low
133,PRETRIAL,1,Caucasian,393772357,22,Intake,English,Pretrial,Jail Inmate,Single,1356998400,1,8,Medium
134,PRETRIAL,0,Hispanic,644552142,22,Intake,English,Pretrial,Probation,Married,1358896042,2,8,Low
135,PRETRIAL,1,African-American,420719972,22,Intake,English,Pretrial,Jail Inmate,Married,1357785555,1,8,Low
136,PRETRIAL,0,African-American,301579674,22,Intake,English,Pretrial,Jail Inmate,Single,1357196532,1,8,Low
137,PRETRIAL,1,Hispanic,416072550,22,Intake,English,Post Sentence,Jail Inmate,Married,1358156359,1,8,High
138,PRETRIAL,0,Caucasian,616287629,22,Intake,English,Pretrial,Jail Inmate,Significant Other,1359383680,1,8,Low
139,Probation,1,Caucasian,-160034438,17,Intake,English,Post Sentence,Jail Inmate,Single,1359504000,1,8,High
140,Probation,1,African-American,62102280,22,Intake,English,Post Sentence,Jail Inmate,Married,1358934267,2,8,High
141,PRETRIAL,1,African-American,-177221593,22,Intake,English,Pretrial,Jail Inmate,Single,1357805729,1,8,Medium
142,PRETRIAL,0,African-American,-9437034,22,Intake,English,Pretrial,Probation,Widowed,1357631589,1,8,Low
143,PRETRIAL,1,Hispanic,123988311,22,Intake,English,Pretrial,Probation,Single,1358505842,4,8,High
144,PRETRIAL,1,Caucasian,111961163,22,Intake,English,Other,Probation,Single,1358902645,1,8,High
145,PRETRIAL,0,African-American,489155460,22,Intake,English,Pretrial,Probation,Single,1359504000,4,8,Low
146,PRETRIAL,0,Caucasian,198972641,22,Intake,English,Other,Probation,Married,1359504000,1,8,Low
147,PRETRIAL,1,Caucasian,789177600,22,Intake,English,Pretrial,Jail Inmate,Single,1357879109,1,8,High
148,PRETRIAL,0,African-American,-274324321,22,Intake,English,Pretrial,Probation,Divorced,1359049179,1,8,Low
149,Probation,1,Caucasian,782662168,22,Intake,English,Post Sentence,Jail Inmate,Married,1359146860,2,8,Low
150,Probation,1,Hispanic,499004156,22,Intake,English,Pretrial,Probation,Single,1358406722,4,8,High
151,PRETRIAL,1,African-American,668514173,22,Intake,English,Pretrial,Jail Inmate,Single,1359247357,1,8,Low
152,Probation,1,African-American,258157957,22,Intake,English,Pretrial,Jail Inmate,Single,1359504000,1,8,Medium
153,PRETRIAL,1,Caucasian,535308797,22,Intake,Spanish,Pretrial,Probation,Single,1357531399,2,8,Low
154,PRETRIAL,0,Hispanic,477502937,22,Intake,English,Pretrial,Probation,Widowed,1357612861,4,8,Low
155,DRRD,1,African-American,405221024,22,Intake,English,Pretrial,Jail Inmate,Married,1359494728,2,8,Low
156,PRETRIAL,1,Hispanic,701420170,22,Intake,English,Pretrial,Probation,Separated,1357057962,3,8,Medium
157,Probation,1,African-American,505962970,22,Intake,English,Pretrial,Probation,Divorced,1359063884,4,8,High
158,Probation,0,Caucasian,789177600,22,Intake,English,Pretrial,Jail Inmate,Single,1358638335,2,8,High
159,Probation,1,African-American,520560716,22,Intake,English,Pretrial,Probation,Married,1358769961,1,8,Low
160,PRETRIAL,1,African-American,-203878596,22,Intake,English,Pretrial,Jail Inmate,Single,1358985976,3,8,High
161,PRETRIAL,1,African-American,198589443,22,Intake,English,Pretrial,Probation,Single,1359504000,3,8,Medium
162,Probation,0,Caucasian,-94495246,22,Intake,English,Post Sentence,Jail Inmate,Single,1358809140,1,8,Medium
163,PRETRIAL,1,Hispanic,552403824,22,Intake,English,Pretrial,Jail Inmate,Married,1358059623,1,8,High
164,DRRD,0,African-American,182108688,22,Intake,English,Pretrial,Jail Inmate,Single,1358369445,1,8,Medium
165,PRETRIAL,0,African-American,494541226,17,Intake,English,Pretrial,Probation,Single,1359263285,1,8,Medium
166,DRRD,1,Caucasian,423861160,17,Intake,English,Pretrial,Jail Inmate,Single,1357736935,1,8,Low
167,PRETRIAL,1,Caucasian,-540273185,22,Intake,English,Pretrial,Jail Inmate,Single,1357434305,1,8,Low
168,PRETRIAL,0,Hispanic,-60380337,22,Intake,English,Pretrial,Jail Inmate,Single,1358209498,3,8,Medium
169,Probation,1,Hispanic,451101311,22,Intake,English,Pretrial,Jail Inmate,Single,1358365452,1,8,Medium
170,PRETRIAL,1,Caucasian,301295941,22,Intake,English,Post Sentence,Jail Inmate,Single,1356998400,1,8,Low
171,PRETRIAL,0,Caucasian,-758241661,22,Intake,English,Pretrial,Probation,Single,1359504000,4,8,High
172,Probation,1,Caucasian,332759551,22,Intake,English,Post Sentence,Probation,Single,1358624477,2,8,Low
173,PRETRIAL,0,Hispanic,173631610,22,Intake,English,Pretrial,Jail Inmate,Single,1358727044,2,8,Low
174,PRETRIAL,1,Other,-670105906,22,Intake,English,Pretrial,Pretrial Defendant,Divorced,1359109601,4,8,High
175,PRETRIAL,1,African-American,-279565272,22,Intake,English,Pretrial,Jail Inmate,Single,1357635691,3,8,Medium
176,PRETRIAL,1,Caucasian,578281568,22,Intake,English,Pretrial,Probation,Single,1359090482,1,8,Low
177,PRETRIAL,1,African-American,378588334,22,Intake,English,Pretrial,Jail Inmate,Married,1358909066,3,8,High
178,Probation,1,African-American,207129270,22,Intake,English,Pretrial,Probation,Single,1357748618,2,8,Low
179,Probation,1,Caucasian,665167049,22,Intake,English,Pretrial,Jail Inmate,Single,1358128777,1,8,Medium
180,PRETRIAL,1,African-American,-288294576,22,Intake,English,Post Sentence,Pretrial Defendant,Single,1357482268,1,8,Low
181,PRETRIAL,1,Caucasian,-98993955,22,Intake,English,Pretrial,Jail Inmate,Single,1358392484,1,8,Low
182,PRETRIAL,0,Other,441752530,22,Intake,English,Pretrial,Jail Inmate,Separated,1357498405,3,8,Low
183,PRETRIAL,0,Caucasian,118649240,22,Intake,English,Pretrial,Probation,Single,1359215046,1,8,Medium
184,PRETRIAL,1,African-American,651827036,22,Intake,English,Pretrial,Jail Inmate,Single,1358593111,1,8,Low
185,PRETRIAL,0,African-American,303065468,22,Intake,English,Pretrial,Probation,Single,1359091046,1,8,Low
186,PRETRIAL,1,Caucasian,445220055,22,Intake,English,Pretrial,Probation,Single,1358518330,1,8,Low
187,Probation,1,African-American,634110390,22,Intake,English,Pretrial,Jail Inmate,Single,1359112914,3,8,Low
188,PRETRIAL,1,Caucasian,-787494583,22,Intake,English,Pretrial,Probation,Single,1357716297,1,8,High
189,Probation,0,African-American,277427419,17,Intake,English,Post Sentence,Probation,Significant Other,1358951354,3,8,Low
190,DRRD,0,Caucasian,-309133766,22,Intake,English,Pretrial,Probation,Single,1357921012,1,8,Medium
191,Probation,1,African-American,427286201,22,Intake,English,Pretrial,Jail Inmate,Married,1359350410,2,8,Low
192,DRRD,1,Hispanic,233217119,22,Intake,English,Other,Jail Inmate,Single,1358892116,1,8,High
193,PRETRIAL,0,Caucasian,148663592,22,Intake,English,Pretrial,Probation,Single,1358040981,1,8,Low
194,PRETRIAL,1,African-American,278856715,22,Intake,English,Pretrial,Jail Inmate,Single,1357648235,1,8,Medium
195,PRETRIAL,1,Caucasian,481785766,17,Intake,English,Pretrial,Jail Inmate,Married,1358456671,1,8,Medium
196,PRETRIAL,1,African-American,496929602,22,Intake,English,Other,Jail Inmate,Widowed,1358738944,4,8,Low
197,PRETRIAL,1,African-American,112233764,17,Intake,English,Pretrial,Probation,Single,1357220929,2,8,Low
198,Probation,1,African-American,287250728,22,Intake,English,Pretrial,Probation,Significant Other,1357617545,1,8,Low
199,PRETRIAL,1,African-American,388351797,22,Intake,English,Pretrial,Jail Inmate,Single,1357758334,1,8,Medium
200,Probation,1,Caucasian,712814444,22,Intake,English,Pretrial,Jail Inmate,Single,1358524404,3,8,Low
201,PRETRIAL,1,Caucasian,386157421,22,Intake,English,Pretrial,Probation,Married,1359022792,1,8,Low
202,PRETRIAL,1,African-American,789177600,22,Intake,English,Pretrial,Probation,Married,1358963036,3,8,Low
203,Probation,1,African-American,356353309,22,Intake,English,Pretrial,Jail Inmate,Single,1358708103,1,8,High
204,PRETRIAL,0,African-American,789177600,22,Intake,English,Pretrial,Jail Inmate,Single,1357401056,2,8,High
205,Probation,1,African-American,311748612,22,Intake,English,Pretrial,Jail Inmate,Divorced,1358588741,1,8,Low
206,PRETRIAL,1,African-American,312258313,22,Intake,English,Pretrial,Jail Inmate,Married,1358721530,1,8,Low
207,PRETRIAL,1,African-American,789177600,22,Intake,English,Pretrial,Pretrial Defendant,Single,1358880420,1,8,Low
208,Probation,1,Caucasian,21131993,22,Intake,English,Pretrial,Jail Inmate,Single,1358667968,1,8,Low
209,Probation,1,Native American,427990705,22,Intake,English,Pretrial,Probation,Single,1359414664,1,8,Low
210,PRETRIAL,1,Caucasian,660796762,22,Intake,English,Pretrial,Jail Inmate,Single,1357966302,1,8,Low
211,PRETRIAL,1,Hispanic,191182508,22,Intake,English,Pretrial,Jail Inmate,Single,1358825598,1,8,Low
212,Probation,0,Caucasian,686488407,22,Intake,English,Other,Jail Inmate,Single,1359462192,1,8,Medium
213,PRETRIAL,1,African-American,-222226356,22,Intake,English,Other,Probation,Single,1357516478,3,8,Low
214,PRETRIAL,1,African-American,439245161,22,Intake,English,Pretrial,Jail Inmate,Single,1359374012,1,8,High
215,PRETRIAL,1,Caucasian,243203561,22,Intake,English,Pretrial,Probation,Divorced,1358866872,1,8,Medium
216,PRETRIAL,1,Caucasian,282180441,22,Intake,English,Pretrial,Pretrial Defendant,Single,1357668509,4,8,Medium
217,Probation,0,Hispanic,-122668975,22,Intake,English,Pretrial,Pretrial Defendant,Single,1357731888,2,8,Low
218,Probation,1,African-American,680132223,22,Intake,English,Pretrial,Pretrial Defendant,Married,1357994460,1,8,Medium
219,PRETRIAL,1,Caucasian,429323492,22,Intake,English,Pretrial,Jail Inmate,Single,1357748126,1,8,Low
220,Probation,0,Other,-278170567,22,Intake,English,Other,Probation,Single,1358060662,1,8,Low
221,PRETRIAL,1,African-American,647544881,22,Intake,English,Post Sentence,Pretrial Defendant,Single,1358392542,1,8,Medium
222,PRETRIAL,1,Caucasian,429777792,22,Intake,English,Pretrial,Probation,Married,1358970383,4,8,Low
223,PRETRIAL,1,Caucasian,31577381,22,Intake,English,Post Sentence,Pretrial Defendant,Single,1357718037,3,8,High
224,PRETRIAL,0,African-American,585702842,22,Intake,English,Pretrial,Jail Inmate,Single,1357759962,1,8,High
225,PRETRIAL,1,African-American,548069425,22,Intake,English,Pretrial,Jail Inmate,Single,1358620913,1,8,Low
226,PRETRIAL,0,Caucasian,-50135512,22,Intake,English,Pretrial,Probation,Single,1358166639,1,8,Low
227,Probation,0,Hispanic,443239286,22,Intake,English,Pretrial,Jail Inmate,Married,1359158965,2,8,Low
228,Probation,1,Caucasian,371626044,22,Intake,English,Pretrial,Jail Inmate,Single,1359355935,1,8,Low
229,Probation,1,African-American,-127069289,22,Intake,English,Pretrial,Jail Inmate,Married,1358636157,1,8,High
230,PRETRIAL,0,African-American,13479507,22,Intake,English,Pretrial,Probation,Single,1357040242,3,8,Low
231,PRETRIAL,1,Caucasian,383727211,22,Intake,English,Pretrial,Jail Inmate,Single,1357766114,2,8,High
232,Probation,0,Caucasian,36973291,22,Intake,English,Pretrial,Jail Inmate,Single,1359504000,1,8,Medium
233,PRETRIAL,1,African-American,-741407763,22,Intake,English,Pretrial,Jail Inmate,Single,1357418584,2,8,Medium
234,PRETRIAL,1,Other,273262943,22,Intake,English,Pretrial,Probation,Single,1357100924,3,8,Medium
235,Probation,1,African-American,-19410894,22,Intake,English,Pretrial,Probation,Single,1358163414,1,8,Low
236,Probation,1,Hispanic,379331971,17,Intake,English,Pretrial,Jail Inmate,Married,1358022723,1,8,Low
237,PRETRIAL,1,Hispanic,393110462,22,Intake,English,Pretrial,Pretrial Defendant,Single,1359055938,3,8,Low
238,Probation,1,African-American,685521692,22,Intake,English,Pretrial,Jail Inmate,Single,1358267459,3,8,Low
239,Probation,1,African-American,112290270,22,Intake,English,Pretrial,Jail Inmate,Single,1358518100,3,8,Low
240,PRETRIAL,1,Caucasian,229062015,22,Intake,English,Pretrial,Jail Inmate,Separated,1359155352,1,8,Medium
241,Probation,1,African-American,446212660,22,Intake,English,Pretrial,Jail Inmate,Single,1357551864,3,8,Low
242,Probation,1,Hispanic,591520738,22,Intake,English,Pretrial,Jail Inmate,Single,1359368691,2,8,Low
243,PRETRIAL,0,Hispanic,-50502018,22,Intake,English,Post Sentence,Jail Inmate,Single,1359504000,1,8,High
244,PRETRIAL,0,African-American,109015700,22,Intake,English,Post Sentence,Jail Inmate,Divorced,1358736663,1,8,Medium
245,Probation,1,Caucasian,687041517,22,Intake,English,Pretrial,Jail Inmate,Married,1357880186,2,8,Low
246,Probation,1,African-American,411200119,22,Intake,English,Post Sentence,Pretrial Defendant,Single,1357678860,1,8,Medium
247,PRETRIAL,1,Other,206650037,17,Intake,English,Pretrial,Jail Inmate,Married,1359306909,1,8,High
248,PRETRIAL,0,Hispanic,259180003,22,Intake,English,Pretrial,Probation,Single,1358944365,1,8,Medium
249,PRETRIAL,1,Caucasian,442666273,22,Intake,English,Other,Jail Inmate,Married,1358872308,1,8,Low
250,PRETRIAL,0,Caucasian,423334757,22,Intake,English,Post Sentence,Jail Inmate,Single,1357942665,1,8,Medium
251,PRETRIAL,1,Hispanic,478067108,22,Intake,English,Pretrial,Jail Inmate,Single,1358196598,1,8,Medium
252,Probation,1,Caucasian,254704502,22,Intake,English,Pretrial,Jail Inmate,Single,1357679769,1,8,Low
253,PRETRIAL,1,Hispanic,193868130,22,Intake,English,Post Sentence,Probation,Single,1357965179,2,8,Low
254,PRETRIAL,1,Oriental,199229374,22,Intake,English,Pretrial,Jail Inmate,Married,1359096231,1,8,Medium
255,PRETRIAL,1,Caucasian,88927828,22,Intake,English,Post Sentence,Jail Inmate,Single,1358541905,1,8,High
256,PRETRIAL,1,African-American,771227109,22,Intake,English,Pretrial,Probation,Married,1358829330,1,8,Low
257,Probation,1,Oriental,213679455,22,Intake,English,Conditional Release,Probation,Single,1358787922,1,8,High
258,PRETRIAL,1,Other,527730017,22,Intake,English,Pretrial,Pretrial Defendant,Single,1357644282,2,8,Medium
259,PRETRIAL,0,Native American,688398554,22,Intake,English,Pretrial,Probation,Married,1359330195,2,8,Low
260,PRETRIAL,1,Hispanic,550595741,17,Intake,English,Pretrial,Pretrial Defendant,Single,1358545101,1,8,Low
261,PRETRIAL,1,Hispanic,642804075,22,Intake,English,Pretrial,Probation,Single,1358975382,3,8,Low
262,PRETRIAL,1,Caucasian,118224099,22,Intake,English,Pretrial,Probation,Married,1358758326,1,8,Low
263,Probation,0,Caucasian,451827860,22,Intake,English,Pretrial,Jail Inmate,Single,1358837137,1,8,Low
264,PRETRIAL,1,Caucasian,205539220,22,Intake,English,Pretrial,Probation,Single,1359424806,3,8,Medium
265,Probation,1,African-American,683712090,22,Intake,English,Pretrial,Jail Inmate,Single,1357369577,4,8,Medium
266,Probation,1,Caucasian,782108790,17,Intake,English,Pretrial,Probation,Single,1358680812,2,8,High
267,Probation,1,Caucasian,333214375,22,Intake,English,Post Sentence,Pretrial Defendant,Single,1358692989,4,8,Medium
268,PRETRIAL,1,African-American,193556427,22,Intake,English,Post Sentence,Probation,Single,1359215837,1,8,Low
269,PRETRIAL,0,Caucasian,-130932409,22,Intake,English,Pretrial,Jail Inmate,Married,1357671756,1,8,Low
270,Probation,1,African-American,30168542,22,Intake,English,Post Sentence,Jail Inmate,Single,1358223815,1,8,Medium
271,DRRD,1,African-American,352993254,22,Intake,English,Pretrial,Jail Inmate,Significant Other,1359504000,1,8,Low
272,Probation,0,Hispanic,-1733024,22,Intake,English,Pretrial,Probation,Single,1358629372,1,8,High
273,PRETRIAL,0,African-American,700769213,22,Intake,English,Pretrial,Pretrial Defendant,Single,1359060905,4,8,High
274,PRETRIAL,1,African-American,309281805,22,Intake,English,Probation Violator,Probation,Single,1358833886,4,8,Low
275,PRETRIAL,1,African-American,-1175148256,22,Intake,English,Pretrial,Jail Inmate,Married,1358101927,3,8,Low
276,PRETRIAL,1,African-American,636994451,22,Intake,English,Pretrial,Jail Inmate,Single,1358182422,3,8,Medium
277,PRETRIAL,1,African-American,29123214,22,Intake,English,Pretrial,Probation,Married,1359504000,2,8,Low
278,PRETRIAL,1,African-American,456725751,22,Intake,English,Post Sentence,Probation,Married,1357284661,3,8,Medium
279,PRETRIAL,1,Caucasian,561685751,22,Intake,English,Pretrial,Jail Inmate,Single,1358110411,1,8,Medium
280,PRETRIAL,1,Hispanic,-649889193,22,Intake,English,Pretrial,Pretrial Defendant,Single,1356998400,2,8,High
281,PRETRIAL,1,Caucasian,25837597,22,Intake,English,Pretrial,Jail Inmate,Single,1358614296,2,8,Medium
282,PRETRIAL,0,African-American,128674921,22,Intake,English,Pretrial,Probation,Single,1358862502,1,8,High
283,Probation,1,Caucasian,202598538,22,Intake,English,Pretrial,Probation,Divorced,1357182945,1,8,Medium
284,Probation,1,Caucasian,687162551,22,Intake,English,Pretrial,Probation,Married,1358706626,1,8,Medium
285,Probation,1,African-American,-732534934,22,Intake,English,Post Sentence,Pretrial Defendant,Single,1358872949,2,8,Medium
286,PRETRIAL,1,Caucasian,525622423,22,Intake,English,Pretrial,Jail Inmate,Single,1357146753,4,8,High
287,PRETRIAL,1,Caucasian,-592813336,22,Intake,English,Pretrial,Probation,Single,1357395901,2,8,Low
288,Probation,1,African-American,382548928,22,Intake,English,Pretrial,Jail Inmate,Single,1357586900,1,8,Medium
289,PRETRIAL,1,Caucasian,538715688,22,Intake,English,Conditional Release,Jail Inmate,Single,1358847175,4,8,Low
290,PRETRIAL,1,African-American,-64816438,22,Intake,English,Pretrial,Pretrial Defendant,Single,1358631944,1,8,Low
291,PRETRIAL,1,African-American,-115168326,22,Intake,English,Post Sentence,Jail Inmate,Single,1358512686,1,8,Low
292,Probation,1,Caucasian,306169813,22,Intake,English,Pretrial,Probation,Single,1357398710,3,8,Low
293,PRETRIAL,1,Hispanic,101770314,22,Intake,English,Pretrial,Probation,Single,1358995643,1,8,High
294,PRETRIAL,1,Caucasian,392712928,22,Intake,English,Pretrial,Probation,Single,1357971470,1,8,Medium
295,PRETRIAL,1,African-American,585691482,17,Intake,English,Pretrial,Probation,Single,1356998400,3,8,Low
296,PRETRIAL,1,Hispanic,641874152,22,Intake,English,Pretrial,Jail Inmate,Divorced,1358036769,1,8,Medium
297,PRETRIAL,0,African-American,272309405,22,Intake,English,Pretrial,Jail Inmate,Single,1359304052,1,8,Medium
298,PRETRIAL,1,Other,-61536683,22,Intake,English,Pretrial,Pretrial Defendant,Single,1359174927,1,8,Medium
299,PRETRIAL,1,Caucasian,488027876,22,Intake,English,Pretrial,Jail Inmate,Separated,1358069624,3,8,Medium
300,Probation,1,Other,493516163,22,Intake,English,Pretrial,Jail Inmate,Single,1358418161,1,8,High
301,PRETRIAL,1,Caucasian,214922620,22,Intake,English,Pretrial,Probation,Single,1356998400,3,8,High
302,PRETRIAL,1,Caucasian,786110192,22,Intake,English,Pretrial,Probation,Widowed,1357347769,1,8,High
303,PRETRIAL,1,Hispanic,351084664,22,Intake,English,Pretrial,Jail Inmate,Single,1359219657,1,8,Low
304,PRETRIAL,1,African-American,590574199,22,Intake,English,Pretrial,Jail Inmate,Single,1356998400,1,8,Low
305,DRRD,1,African-American,443313296,22,Intake,English,Pretrial,Jail Inmate,Married,1358579945,1,8,Low
306,PRETRIAL,1,African-American,528350760,22,Intake,English,Other,Jail Inmate,Single,1357652933,1,8,Medium
307,PRETRIAL,0,Caucasian,-559508941,22,Intake,English,Post Sentence,Jail Inmate,Single,1359302311,1,8,High
308,PRETRIAL,0,African-American,494054007,22,Intake,English,Other,Probation,Single,1358519726,1,8,High
309,Probation,0,Native American,789177600,22,Intake,English,Pretrial,Pretrial Defendant,Single,1358620367,1,8,Low
310,PRETRIAL,0,Caucasian,-711282602,22,Intake,English,Pretrial,Jail Inmate,Single,1357898274,1,8,High
311,Probation,0,African-American,-297649480,22,Intake,English,Pretrial,Probation,Single,1357729932,1,8,Medium
312,PRETRIAL,1,Hispanic,-574959150,22,Intake,English,Post Sentence,Jail Inmate,Single,1357543395,1,8,High
313,PRETRIAL,1,Other,484683796,22,Intake,English,Pretrial,Jail Inmate,Separated,1358834294,1,8,Medium
314,PRETRIAL,0,Hispanic,439716324,22,Intake,English,Pretrial,Probation,Single,1357967109,1,8,High
315,PRETRIAL,1,African-American,332294881,22,Intake,English,Pretrial,Jail Inmate,Single,1358356880,1,8,Low
316,PRETRIAL,0,African-American,639370350,17,Intake,English,Pretrial,Probation,Married,1357472735,1,8,Medium
317,DRRD,1,Caucasian,489552417,22,Intake,English,Probation Violator,Jail Inmate,Single,1357945112,1,8,Medium
318,PRETRIAL,1,Native American,721490330,22,Intake,English,Pretrial,Jail Inmate,Single,1357496750,4,8,Medium
319,PRETRIAL,0,African-American,528431927,22,Intake,Spanish,Pretrial,Pretrial Defendant,Single,1359407221,1,8,Low
320,Probation,1,Hispanic,592729358,22,Intake,English,Other,Pretrial Defendant,Single,1357713596,1,8,Medium
321,PRETRIAL,0,Hispanic,432440190,22,Intake,English,Pretrial,Probation,Married,1358694697,2,8,High
322,PRETRIAL,1,African-American,388925978,22,Intake,English,Pretrial,Jail Inmate,Single,1358577944,1,8,Low
323,PRETRIAL,1,African-American,-699929179,17,Intake,English,Pretrial,Jail Inmate,Single,1359241378,1,8,Low
324,PRETRIAL,0,Hispanic,95728641,22,Intake,English,Pretrial,Jail Inmate,Single,1356998400,2,8,Medium
325,PRETRIAL,1,African-American,661364483,22,Intake,English,Pretrial,Probation,Single,1358934899,1,8,Medium
326,PRETRIAL,1,Caucasian,726957642,22,Intake,English,Pretrial,Jail Inmate,Single,1357539460,2,8,Medium
327,PRETRIAL,1,Caucasian,584427238,22,Intake,English,Pretrial,Jail Inmate,Single,1357325751,1,8,Low
328,PRETRIAL,1,Hispanic,337470640,22,Intake,English,Pretrial,Jail Inmate,Single,1357791401,3,8,Medium
329,PRETRIAL,1,Caucasian,-925603246,22,Intake,English,Pretrial,Pretrial Defendant,Single,1359233822,1,8,Low
330,Probation,1,African-American,39048513,22,Intake,English,Pretrial,Probation,Divorced,1359188963,1,8,Low
331,Probation,1,African-American,-740296057,22,Intake,English,Pretrial,Probation,Divorced,1359437918,1,8,Low
332,PRETRIAL,1,Hispanic,-522196983,22,Intake,English,Other,Jail Inmate,Significant Other,1357132936,1,8,Medium
333,PRETRIAL,1,African-American,498744848,22,Intake,English,Pretrial,Jail Inmate,Single,1358549990,1,8,Low
334,PRETRIAL,1,African-American,430063862,22,Intake,English,Pretrial,Probation,Married,1359489904,1,8,High
335,PRETRIAL,0,Hispanic,-271045384,17,Intake,English,Pretrial,Jail Inmate,Married,1359495209,2,8,Low
336,PRETRIAL,1,Caucasian,670109032,22,Intake,English,Pretrial,Jail Inmate,Single,1357792654,1,8,Low
337,Probation,1,Hispanic,65859458,22,Intake,English,Pretrial,Jail Inmate,Single,1357539016,1,8,Low
338,PRETRIAL,1,Caucasian,495650458,22,Intake,English,Pretrial,Probation,Single,1359189602,1,8,Low
339,PRETRIAL,0,Caucasian,536748549,22,Intake,English,Pretrial,Probation,Single,1358571178,1,8,High
340,Probation,0,African-American,-344776234,22,Intake,English,Pretrial,Probation,Single,1357728566,1,8,Low
341,PRETRIAL,1,Other,99861493,22,Intake,English,Post Sentence,Probation,Single,1358197524,2,8,Low
342,PRETRIAL,1,African-American,705816513,22,Intake,English,Pretrial,Jail Inmate,Single,1358187932,2,8,High
343,Probation,1,Caucasian,486071753,22,Intake,English,Pretrial,Jail Inmate,Single,1357467371,1,8,Low
344,PRETRIAL,1,Caucasian,-857681213,22,Intake,English,Pretrial,Jail Inmate,Single,1358702896,1,8,Medium
345,PRETRIAL,1,African-American,769973394,22,Intake,English,Conditional Release,Jail Inmate,Single,1358571709,2,8,High
346,PRETRIAL,0,Caucasian,181641400,22,Intake,English,Pretrial,Jail Inmate,Single,1357254446,4,8,Low
347,PRETRIAL,1,Caucasian,753793545,22,Intake,English,Other,Probation,Widowed,1358641435,1,8,Medium
348,PRETRIAL,1,African-American,-210618734,22,Intake,English,Pretrial,Jail Inmate,Single,1357582573,1,8,High
349,PRETRIAL,1,African-American,197470699,22,Intake,English,Pretrial,Probation,Separated,1357612042,3,8,High
350,Probation,1,African-American,406035519,22,Intake,English,Post Sentence,Probation,Significant Other,1357883387,1,8,Medium
351,DRRD,0,Caucasian,532567001,22,Intake,English,Pretrial,Jail Inmate,Married,1357514892,1,8,Medium
352,Probation,1,Caucasian,9743309,22,Intake,English,Post Sentence,Probation,Single,1357410639,1,8,Medium
353,PRETRIAL,1,Caucasian,583755733,22,Intake,English,Pretrial,Probation,Single,1357003024,2,8,Medium
354,PRETRIAL,1,Other,440280267,22,Intake,English,Pretrial,Probation,Single,1357220411,3,8,Low
355,PRETRIAL,1,Caucasian,363469761,22,Intake,English,Pretrial,Jail Inmate,Married,1356998400,1,8,Low
356,PRETRIAL,1,African-American,643699601,22,Intake,English,Pretrial,Probation,Single,1359134224,2,8,Medium
357,PRETRIAL,1,Caucasian,532831560,22,Intake,English,Post Sentence,Probation,Separated,1358561454,1,8,Low
358,PRETRIAL,0,Hispanic,603793059,17,Intake,English,Post Sentence,Jail Inmate,Divorced,1358017129,2,8,Low
359,Probation,1,Caucasian,154465236,22,Intake,English,Pretrial,Probation,Single,1357506286,1,8,Low
360,Probation,1,Caucasian,196115434,22,Intake,English,Pretrial,Probation,Divorced,1358080201,2,8,Low
361,PRETRIAL,1,Other,-766785612,22,Intake,English,Pretrial,Jail Inmate,Married,1359000819,2,8,Medium
362,Probation,1,Caucasian,307734931,22,Intake,English,Pretrial,Jail Inmate,Single,1358548287,1,8,Low
363,Probation,1,Caucasian,15935879,22,Intake,English,Pretrial,Probation,Married,1358629151,1,8,Medium
364,Probation,1,African-American,-10003633,22,Intake,English,Pretrial,Probation,Single,1358976391,4,8,High
365,PRETRIAL,1,Caucasian,244533093,22,Intake,English,Post Sentence,Probation,Single,1358102385,3,8,High
366,Probation,1,Caucasian,298093680,22,Intake,English,Pretrial,Jail Inmate,Single,1358653101,1,8,Medium
367,PRETRIAL,1,African-American,-502246197,22,Intake,English,Post Sentence,Probation,Divorced,1357758456,3,8,Low
368,PRETRIAL,1,Native American,679054879,17,Intake,English,Post Sentence,Jail Inmate,Single,1358848667,1,8,Medium
369,Probation,1,African-American,436693403,22,Intake,English,Pretrial,Probation,Divorced,1359504000,3,8,Low
370,Probation,0,Caucasian,486618216,22,Intake,English,Pretrial,Probation,Single,1358481822,1,8,Medium
371,Probation,0,Hispanic,-905689519,22,Intake,English,Pretrial,Jail Inmate,Single,1357730213,1,8,High
372,Probation,1,African-American,587497203,22,Intake,English,Pretrial,Probation,Single,1358542460,1,8,Low
373,PRETRIAL,1,African-American,448373537,22,Intake,English,Pretrial,Probation,Single,1356998400,1,8,Low
374,Probation,0,African-American,-325248091,22,Intake,English,Pretrial,Jail Inmate,Single,1358228373,2,8,High
375,PRETRIAL,0,African-American,689353882,22,Intake,English,Pretrial,Pretrial Defendant,Single,1357241131,2,8,High
376,PRETRIAL,0,Caucasian,100714752,22,Intake,English,Pretrial,Probation,Single,1357602276,2,8,Medium
377,Probation,1,African-American,-2362503,22,Intake,English,Probation Violator,Jail Inmate,Divorced,1358019186,1,8,Low
378,Probation,1,African-American,647407826,22,Intake,English,Pretrial,Probation,Married,1357516241,2,8,High
379,Probation,1,Caucasian,349479161,22,Intake,English,Pretrial,Probation,Single,1359311915,1,8,Low
380,PRETRIAL,1,Hispanic,-4059466,17,Intake,Spanish,Pretrial,Jail Inmate,Single,1357798428,3,8,Medium
381,PRETRIAL,1,Other,477702818,22,Intake,English,Pretrial,Probation,Single,1359325375,1,8,Low
382,Probation,1,African-American,597442162,22,Intake,English,Pretrial,Probation,Single,1358253375,1,8,Low
383,PRETRIAL,1,Other,392915637,22,Intake,English,Post Sentence,Jail Inmate,Divorced,1358909049,1,8,Low
384,Probation,1,African-American,365043161,22,Intake,Spanish,Probation Violator,Jail Inmate,Single,1357849520,1,8,Medium
385,PRETRIAL,1,Caucasian,-523104352,22,Intake,English,Pretrial,Probation,Single,1357166125,1,8,Low
386,PRETRIAL,1,Hispanic,483018198,22,Intake,English,Post Sentence,Probation,Single,1357386498,1,8,Medium
387,Probation,1,African-American,710209557,22,Intake,English,Post Sentence,Jail Inmate,Married,1358825952,1,8,Low
388,PRETRIAL,1,African-American,325798673,22,Intake,English,Pretrial,Jail Inmate,Married,1357445049,2,8,Low
389,PRETRIAL,0,Hispanic,789177600,22,Intake,English,Pretrial,Jail Inmate,Married,1358353566,1,8,Low
390,Probation,1,Caucasian,-225724830,22,Intake,English,Pretrial,Probation,Single,1359504000,1,8,Low
391,PRETRIAL,0,Caucasian,304841445,22,Intake,English,Post Sentence,Pretrial Defendant,Single,1356998400,4,8,Low
392,PRETRIAL,0,Native American,522959995,22,Intake,Spanish,Post Sentence,Jail Inmate,Single,1359294378,2,8,Low
393,Probation,1,Caucasian,165274036,22,Intake,English,Pretrial,Jail Inmate,Single,1357762633,1,8,Low
394,PRETRIAL,0,Caucasian,789177600,22,Intake,English,Pretrial,Jail Inmate,Divorced,1359219308,1,8,Low
395,Probation,0,Caucasian,629845995,22,Intake,English,Pretrial,Jail Inmate,Married,1358625611,1,8,Medium
396,PRETRIAL,1,African-American,484090620,17,Intake,English,Pretrial,Jail Inmate,Single,1357869537,1,8,High
397,Probation,1,African-American,-24629407,22,Intake,English,Pretrial,Prison Inmate,Single,1357974743,1,8,Low
398,PRETRIAL,1,African-American,486388451,22,Intake,English,Pretrial,Jail Inmate,Single,1358119044,1,8,Medium
399,Probation,1,African-American,682819541,22,Intake,English,Post Sentence,Probation,Single,1358604808,3,8,Low
400,PRETRIAL,0,African-American,-769771259,22,Intake,English,Pretrial,Jail Inmate,Single,1358420357,1,8,Medium
401,PRETRIAL,1,Caucasian,359863047,22,Intake,English,Post Sentence,Probation,Married,1357657754,1,8,Low
402,PRETRIAL,1,African-American,363876685,22,Intake,English,Post Sentence,Jail Inmate,Single,1357964304,1,8,Medium
403,Probation,1,Caucasian,127713614,22,Intake,English,Post Sentence,Jail Inmate,Married,1358860230,2,8,Low
404,PRETRIAL,1,African-American,170616149,22,Intake,English,Pretrial,Jail Inmate,Single,1358162339,4,8,Medium
405,DRRD,1,African-American,-419593428,22,Intake,English,Pretrial,Probation,Single,1359001150,1,8,High
406,PRETRIAL,1,Caucasian,139607730,22,Intake,English,Pretrial,Jail Inmate,Single,1357693913,2,8,High
407,PRETRIAL,1,Oriental,308744879,22,Intake,English,Pretrial,Jail Inmate,Married,1357972646,1,8,High
408,PRETRIAL,1,Hispanic,4670062,22,Intake,English,Pretrial,Jail Inmate,Divorced,1359094068,3,8,Low
409,Probation,0,Caucasian,251854961,22,Intake,English,Pretrial,Probation,Married,1357984306,2,8,Low
410,PRETRIAL,0,African-American,453814512,22,Intake,English,Post Sentence,Probation,Single,1358870353,1,8,High
411,PRETRIAL,1,Caucasian,593064963,22,Intake,English,Pretrial,Probation,Widowed,1358337762,3,8,Low
412,Probation,1,African-American,295937228,22,Intake,English,Pretrial,Jail Inmate,Divorced,1358708006,2,8,High
413,PRETRIAL,1,Caucasian,435415707,22,Intake,English,Pretrial,Probation,Significant Other,1357996860,2,8,Low
414,PRETRIAL,1,African-American,22823623,22,Intake,English,Pretrial,Residential Program,Single,1359504000,1,8,Medium
415,PRETRIAL,1,African-American,22036830,22,Intake,English,Post Sentence,Jail Inmate,Single,1359127793,1,8,High
416,Probation,1,Hispanic,320821285,22,Intake,English,Post Sentence,Jail Inmate,Single,1359341783,3,8,Low
417,Probation,1,African-American,679864954,22,Intake,English,Pretrial,Jail Inmate,Single,1357271866,2,8,Medium
418,PRETRIAL,0,Hispanic,440317256,22,Intake,English,Pretrial,Jail Inmate,Single,1357738011,1,8,Low
419,PRETRIAL,1,African-American,274924045,22,Intake,English,Pretrial,Jail Inmate,Married,1356998400,1,8,Low
420,PRETRIAL,1,African-American,584121981,17,Intake,English,Pretrial,Probation,Married,1358868969,1,8,Medium
421,Probation,1,African-American,335546546,22,Intake,English,Pretrial,Probation,Married,1357821753,1,8,Medium
422,PRETRIAL,0,Caucasian,450543856,22,Intake,English,Post Sentence,Pretrial Defendant,Married,1357809297,1,8,Low
423,PRETRIAL,1,Caucasian,353597964,22,Intake,English,Pretrial,Jail Inmate,Single,1356998400,1,8,High
424,Probation,1,African-American,155768123,22,Intake,English,Pretrial,Probation,Single,1357698274,1,8,Low
425,PRETRIAL,1,African-American,263544156,17,Intake,English,Pretrial,Jail Inmate,Single,1358651811,3,8,High
426,PRETRIAL,1,Caucasian,110343232,22,Intake,English,Pretrial,Probation,Single,1357350041,1,8,Medium
427,Probation,1,African-American,596291838,22,Intake,English,Post Sentence,Jail Inmate,Single,1359339012,1,8,Low
428,PRETRIAL,0,African-American,-92997714,22,Intake,English,Other,Pretrial Defendant,Single,1358605453,3,8,High
429,Probation,1,Hispanic,-564340063,22,Intake,English,Conditional Release,Jail Inmate,Single,1358093269,1,8,Medium
430,DRRD,1,African-American,589297709,22,Intake,English,Pretrial,Jail Inmate,Single,1357270702,1,8,Low
431,Probation,1,Hispanic,275236705,22,Intake,English,Pretrial,Probation,Widowed,1358203099,1,8,Low
432,PRETRIAL,1,African-American,-390829988,22,Intake,English,Pretrial,Jail Inmate,Single,1358636250,1,8,High
433,PRETRIAL,1,African-American,579413237,22,Intake,English,Pretrial,Jail Inmate,Single,1358007067,2,8,Medium
434,PRETRIAL,1,African-American,441527361,22,Intake,English,Pretrial,Jail Inmate,Single,1357680085,1,8,High
435,PRETRIAL,1,Hispanic,-69448917,17,Intake,English,Other,Jail Inmate,Married,1358191846,2,8,Low
436,Probation,1,Hispanic,95785557,22,Intake,English,Pretrial,Probation,Single,1358207094,2,8,Medium
437,Probation,0,Hispanic,574603716,22,Intake,English,Pretrial,Probation,Single,1357945911,1,8,High
438,PRETRIAL,1,Asian,551777838,22,Intake,English,Pretrial,Jail Inmate,Single,1357644447,1,8,High
439,Probation,1,Caucasian,471851075,22,Intake,English,Pretrial,Jail Inmate,Married,1358982623,1,8,Low
440,PRETRIAL,0,Caucasian,-344373578,22,Intake,English,Probation Violator,Jail Inmate,Single,1358976143,1,8,Low
441,PRETRIAL,1,Caucasian,517240729,22,Intake,English,Pretrial,Jail Inmate,Single,1357887971,1,8,Low
442,PRETRIAL,0,Hispanic,-847831439,22,Intake,English,Post Sentence,Probation,Single,1357342096,1,8,High
443,PRETRIAL,1,Asian,153657960,22,Intake,English,Pretrial,Pretrial Defendant,Single,1357924456,3,8,High
444,PRETRIAL,0,Hispanic,166124981,22,Intake,English,Pretrial,Probation,Single,1358926487,1,8,High
445,PRETRIAL,1,Native American,423558734,22,Intake,English,Pretrial,Jail Inmate,Single,1358834410,1,8,Medium
446,PRETRIAL,1,African-American,230765784,22,Intake,English,Pretrial,Jail Inmate,Single,1359234904,1,8,Low
447,PRETRIAL,1,African-American,670284188,22,Intake,English,Pretrial,Jail Inmate,Married,1358531935,2,8,Low
448,Probation,1,African-American,519933332,22,Intake,English,Post Sentence,Jail Inmate,Single,1358613091,1,8,Low
449,PRETRIAL,1,Hispanic,325938431,22,Intake,English,Pretrial,Probation,Single,1359287328,1,8,High
450,PRETRIAL,1,African-American,112554724,17,Intake,English,Pretrial,Probation,Single,1358473910,1,8,Low
451,PRETRIAL,1,Caucasian,659227263,22,Intake,English,Pretrial,Jail Inmate,Single,1358413117,1,8,High
452,Probation,1,Hispanic,227528339,22,Intake,English,Post Sentence,Jail Inmate,Single,1358414976,2,8,High
453,PRETRIAL,1,African-American,293173794,17,Intake,English,Pretrial,Probation,Single,1359504000,1,8,Low
454,PRETRIAL,0,Asian,263267892,22,Intake,English,Post Sentence,Jail Inmate,Single,1358196665,1,8,Low
455,PRETRIAL,0,Asian,67184814,22,Intake,English,Pretrial,Probation,Married,1359504000,1,8,Low
456,PRETRIAL,0,African-American,182487728,22,Intake,English,Post Sentence,Pretrial Defendant,Separated,1357794577,1,8,Low
457,Probation,1,African-American,608339264,22,Intake,English,Conditional Release,Jail Inmate,Single,1359353285,1,8,Medium
458,PRETRIAL,1,Caucasian,573037976,22,Intake,English,Pretrial,Pretrial Defendant,Single,1357357814,3,8,Medium
459,Probation,1,African-American,424409094,17,Intake,Spanish,Pretrial,Probation,Single,1359366553,1,8,Medium
460,PRETRIAL,1,African-American,-291000158,22,Intake,English,Post Sentence,Probation,Single,1357388997,4,8,High
461,PRETRIAL,1,Hispanic,204011612,22,Intake,English,Pretrial,Probation,Single,1358359559,1,8,Low
462,PRETRIAL,0,African-American,668630617,22,Intake,English,Pretrial,Jail Inmate,Single,1357926132,1,8,High
463,PRETRIAL,1,African-American,262218608,22,Intake,English,Pretrial,Probation,Single,1358971049,2,8,Low
464,PRETRIAL,0,Hispanic,254152097,22,Intake,English,Pretrial,Probation,Separated,1358651820,1,8,Medium
465,PRETRIAL,1,Caucasian,558280827,22,Intake,English,Pretrial,Probation,Married,1358454470,1,8,Low
466,PRETRIAL,0,Hispanic,747709052,22,Intake,English,Pretrial,Probation,Single,1358645852,1,8,Low
467,Probation,0,Hispanic,136391077,22,Intake,English,Pretrial,Pretrial Defendant,Single,1358219316,2,8,Medium
468,Probation,0,African-American,-27525515,22,Intake,English,Pretrial,Probation,Married,1358990311,1,8,Low
469,PRETRIAL,1,Caucasian,68911239,22,Intake,English,Pretrial,Jail Inmate,Single,1359213919,1,8,Medium
470,Probation,1,Caucasian,42305928,22,Intake,English,Pretrial,Jail Inmate,Single,1356998400,1,8,High
471,PRETRIAL,1,Hispanic,-679852413,22,Intake,English,Post Sentence,Jail Inmate,Separated,1358865681,2,8,Medium
472,PRETRIAL,1,African-American,573896369,22,Intake,English,Post Sentence,Residential Program,Single,1359504000,1,8,High
473,PRETRIAL,1,Caucasian,326069318,22,Intake,English,Pretrial,Jail Inmate,Single,1358540323,2,8,Low
474,PRETRIAL,1,Other,61134651,22,Intake,English,Pretrial,Probation,Single,1358601114,1,8,Low
475,PRETRIAL,1,Oriental,481811799,22,Intake,English,Pretrial,Jail Inmate,Single,1358723210,2,8,Low
476,PRETRIAL,1,African-American,410814044,22,Intake,English,Post Sentence,Pretrial Defendant,Single,1357668876,1,8,Medium
477,Probation,1,Hispanic,757514808,22,Intake,English,Pretrial,Probation,Married,1358347299,1,8,High
478,PRETRIAL,1,Asian,405286920,17,Intake,English,Pretrial,Jail Inmate,Single,1359135764,2,8,Low
479,PRETRIAL,1,African-American,414279696,22,Intake,English,Pretrial,Jail Inmate,Single,1359252940,3,8,Low
480,PRETRIAL,1,Caucasian,-19813768,22,Intake,English,Pretrial,Probation,Single,1358440055,2,8,Low
481,PRETRIAL,1,Hispanic,405978918,22,Intake,English,Post Sentence,Probation,Single,1358346426,2,8,Medium
482,Probation,1,African-American,640695878,22,Intake,English,Pretrial,Probation,Single,1357298369,1,8,Low
483,PRETRIAL,1,Other,75150095,22,Intake,English,Post Sentence,Jail Inmate,Divorced,1359042126,4,8,Medium
484,PRETRIAL,1,Oriental,76166147,22,Intake,English,Post Sentence,Jail Inmate,Married,1358229529,1,8,Low
485,PRETRIAL,1,Hispanic,138298905,22,Intake,English,Pretrial,Jail Inmate,Significant Other,1357916662,4,8,Medium
486,Probation,0,Caucasian,570624229,22,Intake,English,Pretrial,Jail Inmate,Single,1358308895,1,8,Low
487,PRETRIAL,1,African-American,280425461,22,Intake,English,Post Sentence,Jail Inmate,Single,1358292308,4,8,Low
488,PRETRIAL,1,Caucasian,275249574,22,Intake,English,Pretrial,Jail Inmate,Married,1359202447,2,8,Medium
489,PRETRIAL,1,African-American,536286651,22,Intake,English,Pretrial,Jail Inmate,Separated,1359034258,1,8,High
490,Probation,1,Caucasian,297941260,22,Intake,English,Pretrial,Prison Inmate,Single,1357027270,1,8,Low
491,Probation,0,Caucasian,-13400051,22,Intake,English,Other,Probation,Single,1358906666,1,8,Low
492,DRRD,1,Asian,594481926,22,Intake,English,Pretrial,Probation,Widowed,1357748017,1,8,Low
493,PRETRIAL,1,Caucasian,92227648,22,Intake,English,Pretrial,Jail Inmate,Widowed,1358537611,1,8,Low
494,PRETRIAL,0,Hispanic,390924305,22,Intake,English,Post Sentence,Jail Inmate,Single,1357317822,1,8,Low
495,PRETRIAL,1,Hispanic,725975374,22,Intake,English,Pretrial,Probation,Married,1358661142,2,8,High
496,PRETRIAL,1,Caucasian,260810894,17,Intake,English,Post Sentence,Jail Inmate,Single,1358184003,3,8,Medium
497,Probation,1,African-American,345664925,22,Intake,English,Pretrial,Probation,Divorced,1359160977,1,8,Low
498,PRETRIAL,0,Caucasian,-356992093,22,Intake,English,Post Sentence,Probation,Single,1358529447,2,8,Low
499,DRRD,1,Hispanic,99566292,22,Intake,English,Pretrial,Probation,Married,1357608458,1,8,Low
500,PRETRIAL,1,Caucasian,143966466,22,Intake,English,Other,Probation,Divorced,1358699384,1,8,High
501,PRETRIAL,1,African-American,262596232,22,Intake,English,Pretrial,Probation,Married,1357472584,1,8,Low
502,DRRD,1,African-American,619270959,22,Intake,English,Post Sentence,Jail Inmate,Widowed,1358027408,3,8,Low
503,PRETRIAL,1,Caucasian,-137268661,22,Intake,English,Pretrial,Probation,Separated,1358568629,4,8,Low
504,PRETRIAL,1,Caucasian,256946519,22,Intake,English,Post Sentence,Probation,Single,1359031267,1,8,High
505,PRETRIAL,1,African-American,771782078,22,Intake,English,Pretrial,Probation,Single,1358034420,3,8,Medium
506,PRETRIAL,0,Oriental,375613739,22,Intake,English,Pretrial,Probation,Single,1358199940,1,8,Medium
507,PRETRIAL,1,Hispanic,128724540,22,Intake,English,Pretrial,Probation,Single,1358997727,2,8,Medium
508,PRETRIAL,1,Caucasian,380853011,22,Intake,English,Pretrial,Probation,Single,1356998400,1,8,Low
509,PRETRIAL,1,African-American,697609453,22,Intake,English,Pretrial,Jail Inmate,Single,1358654054,1,8,Medium
510,PRETRIAL,1,Caucasian,583813522,22,Intake,English,Pretrial,Pretrial Defendant,Single,1357476240,1,8,High
511,Probation,1,African-American,172472092,22,Intake,English,Pretrial,Jail Inmate,Single,1356998400,1,8,Low
512,Probation,1,African-American,447505793,22,Intake,English,Pretrial,Probation,Single,1359045311,1,8,High
513,PRETRIAL,1,Caucasian,300259754,22,Intake,English,Post Sentence,Probation,Single,1356998400,1,8,High
514,PRETRIAL,1,Caucasian,674564632,17,Intake,English,Pretrial,Pretrial Defendant,Single,1358146389,1,8,Low
515,PRETRIAL,1,African-American,-17648344,22,Intake,English,Pretrial,Probation,Single,1358088215,1,8,High
516,PRETRIAL,0,Caucasian,220597608,22,Intake,English,Post Sentence,Jail Inmate,Single,1357726338,2,8,High
517,PRETRIAL,0,Caucasian,188655878,22,Intake,English,Other,Pretrial Defendant,Single,1358257496,1,8,High
518,PRETRIAL,1,Hispanic,569524639,22,Intake,English,Post Sentence,Pretrial Defendant,Single,1357425618,2,8,Low
519,PRETRIAL,0,Hispanic,-688549825,22,Intake,English,Post Sentence,Jail Inmate,Married,1357644910,4,8,Medium
520,Probation,0,Hispanic,386901436,22,Intake,English,Pretrial,Jail Inmate,Single,1357842444,1,8,Low
521,Probation,0,African-American,789177600,22,Intake,English,Pretrial,Jail Inmate,Separated,1357628232,4,8,Medium
522,DRRD,1,Caucasian,613652080,22,Intake,English,Pretrial,Jail Inmate,Single,1357487393,1,8,Low
523,Probation,1,Oriental,-564202613,22,Intake,English,Pretrial,Probation,Significant Other,1358577073,1,8,Low
524,Probation,1,Oriental,673886334,22,Intake,English,Pretrial,Jail Inmate,Single,1359263613,1,8,Low
525,PRETRIAL,1,Hispanic,513233445,22,Intake,English,Pretrial,Jail Inmate,Single,1357573508,1,8,Medium
526,Probation,1,African-American,553894891,22,Intake,English,Pretrial,Probation,Single,1358936442,1,8,High
527,Probation,1,Caucasian,113230185,22,Intake,English,Pretrial,Jail Inmate,Single,1359504000,1,8,Low
528,PRETRIAL,1,African-American,-66131771,22,Intake,English,Pretrial,Probation,Single,1357335154,3,8,High
529,PRETRIAL,0,Caucasian,629396794,22,Intake,English,Conditional Release,Jail Inmate,Single,1358609239,1,8,Low
530,Probation,1,Asian,-180304081,22,Intake,English,Pretrial,Jail Inmate,Single,1357891136,1,8,Low
531,PRETRIAL,1,Caucasian,146029811,22,Intake,Spanish,Pretrial,Jail Inmate,Single,1358942088,1,8,Low
532,Probation,1,African-American,328440362,22,Intake,English,Pretrial,Probation,Single,1358725815,1,8,High
533,PRETRIAL,1,African-American,480614486,22,Intake,English,Post Sentence,Probation,Married,1357139962,1,8,Low
534,Probation,0,Hispanic,29666259,22,Intake,English,Pretrial,Jail Inmate,Single,1359351999,1,8,Medium
535,PRETRIAL,1,African-American,77790719,22,Intake,English,Pretrial,Pretrial Defendant,Married,1357695631,2,8,Low
536,Probation,0,African-American,-671619285,22,Intake,English,Pretrial,Pretrial Defendant,Single,1357749359,1,8,Low
537,PRETRIAL,1,African-American,518578517,22,Intake,English,Other,Pretrial Defendant,Single,1358707338,1,8,Low
538,DRRD,0,Hispanic,114601403,22,Intake,English,Pretrial,Jail Inmate,Single,1358463245,1,8,Low
539,Probation,1,African-American,348182699,22,Intake,English,Pretrial,Probation,Widowed,1357918836,1,8,High
540,PRETRIAL,1,Caucasian,702939506,17,Intake,English,Pretrial,Jail Inmate,Single,1358474747,1,8,Low
541,PRETRIAL,1,Hispanic,541547741,22,Intake,English,Pretrial,Jail Inmate,Single,1358042530,2,8,High
542,PRETRIAL,1,Caucasian,563771634,22,Intake,English,Pretrial,Jail Inmate,Single,1358914812,2,8,High
543,PRETRIAL,0,Hispanic,349627585,22,Intake,English,Post Sentence,Jail Inmate,Single,1358951465,1,8,Low
544,Probation,1,Caucasian,493390097,22,Intake,English,Post Sentence,Probation,Married,1358235974,2,8,Medium
545,PRETRIAL,1,Caucasian,476722699,22,Intake,English,Pretrial,Jail Inmate,Single,1357931463,1,8,Low
546,PRETRIAL,1,African-American,569112408,22,Intake,English,Pretrial,Jail Inmate,Single,1358002059,2,8,Low
547,Probation,1,Hispanic,769230322,22,Intake,English,Pretrial,Pretrial Defendant,Married,1358149748,1,8,Low
548,PRETRIAL,1,Caucasian,-970765814,22,Intake,English,Pretrial,Probation,Single,1358560531,1,8,Low
549,PRETRIAL,1,Other,387411838,22,Intake,English,Pretrial,Jail Inmate,Married,1358995178,3,8,Medium
550,PRETRIAL,1,African-American,789177600,17,Intake,English,Pretrial,Jail Inmate,Separated,1359321169,1,8,Low
551,PRETRIAL,0,African-American,87248519,22,Intake,English,Pretrial,Pretrial Defendant,Married,1359504000,1,8,High
552,Probation,1,African-American,-568105812,22,Intake,English,Post Sentence,Jail Inmate,Single,1359053438,1,8,Low
553,PRETRIAL,1,African-American,344827589,22,Intake,English,Pretrial,Probation,Single,1359154886,1,8,High
554,Probation,1,Caucasian,-380059843,22,Intake,English,Pretrial,Pretrial Defendant,Single,1358616136,4,8,Medium
555,PRETRIAL,0,Caucasian,-427014606,22,Intake,English,Pretrial,Pretrial Defendant,Single,1358853962,1,8,Low
556,Probation,1,Caucasian,561303075,22,Intake,English,Pretrial,Jail Inmate,Married,1358516499,1,8,Low
557,PRETRIAL,1,Hispanic,79904866,22,Intake,English,Pretrial,Jail Inmate,Single,1359095744,3,8,Low
558,Probation,1,Hispanic,-419687861,22,Intake,English,Pretrial,Jail Inmate,Single,1358551327,1,8,High
559,PRETRIAL,1,African-American,-462673692,22,Intake,English,Post Sentence,Jail Inmate,Significant Other,1358991943,3,8,Low
560,PRETRIAL,1,Caucasian,-551036,22,Intake,English,Post Sentence,Jail Inmate,Married,1357504183,1,8,Medium
561,PRETRIAL,0,Caucasian,611778253,22,Intake,English,Pretrial,Jail Inmate,Married,1358823994,1,8,Low
562,PRETRIAL,0,Caucasian,205438530,22,Intake,English,Pretrial,Jail Inmate,Separated,1357932928,1,8,Medium
563,PRETRIAL,0,Caucasian,180808642,22,Intake,English,Pretrial,Pretrial Defendant,Single,1357900149,1,8,Low
564,Probation,1,Native American,-789331881,22,Intake,English,Pretrial,Probation,Separated,1357601531,1,8,Low
565,Probation,1,African-American,216262796,22,Intake,English,Pretrial,Jail Inmate,Single,1357723599,3,8,Low
566,PRETRIAL,1,Caucasian,343044425,22,Intake,English,Pretrial,Jail Inmate,Married,1358841064,1,8,Low
567,PRETRIAL,1,Hispanic,-36705205,22,Intake,English,Pretrial,Jail Inmate,Single,1358826435,1,8,Low
568,PRETRIAL,1,Caucasian,75091830,22,Intake,English,Pretrial,Jail Inmate,Single,1357664463,4,8,Medium
569,Probation,1,Caucasian,-852294314,22,Intake,English,Post Sentence,Jail Inmate,Single,1358367630,3,8,Medium
570,DRRD,0,Hispanic,451124107,22,Intake,English,Pretrial,Jail Inmate,Single,1358220416,1,8,High
571,Probation,1,Caucasian,-482489225,22,Intake,English,Post Sentence,Jail Inmate,Married,1358429422,1,8,Medium
572,PRETRIAL,1,Hispanic,764007016,22,Intake,English,Pretrial,Probation,Single,1357324890,1,8,Low
573,PRETRIAL,1,African-American,-381135871,22,Intake,English,Pretrial,Probation,Married,1358100020,1,8,Low
574,PRETRIAL,1,African-American,-457324988,22,Intake,English,Post Sentence,Jail Inmate,Married,1357592752,1,8,Low
575,PRETRIAL,1,Caucasian,517353628,22,Intake,English,Pretrial,Jail Inmate,Married,1359204003,1,8,High
576,Probation,1,Hispanic,416378165,22,Intake,English,Other,Jail Inmate,Single,1357469400,1,8,Low
577,PRETRIAL,1,Hispanic,469744914,22,Intake,English,Pretrial,Probation,Married,1359083930,1,8,Medium
578,PRETRIAL,1,Caucasian,721983426,22,Intake,English,Pretrial,Probation,Married,1357766289,2,8,Low
579,Probation,0,African-American,64091940,22,Intake,English,Pretrial,Jail Inmate,Single,1358622663,3,8,Medium
580,Probation,1,Hispanic,381716024,22,Intake,English,Pretrial,Jail Inmate,Single,1359374831,1,8,Low
581,PRETRIAL,1,Caucasian,153789364,22,Intake,English,Pretrial,Jail Inmate,Married,1359006058,2,8,Low
582,PRETRIAL,0,Caucasian,-872358474,22,Intake,English,Pretrial,Probation,Single,1358090158,2,8,Medium
583,PRETRIAL,1,Caucasian,-913036288,22,Intake,English,Pretrial,Probation,Single,1358832298,1,8,Medium
584,PRETRIAL,1,African-American,595129488,17,Intake,English,Pretrial,Probation,Single,1357318585,2,8,High
585,PRETRIAL,1,Hispanic,332868164,22,Intake,English,Pretrial,Probation,Married,1359504000,3,8,Low
586,PRETRIAL,1,African-American,203305178,22,Intake,English,Pretrial,Probation,Single,1357097111,1,8,High
587,PRETRIAL,0,Caucasian,623085026,22,Intake,English,Pretrial,Jail Inmate,Married,1359251142,1,8,Medium
588,PRETRIAL,1,African-American,627669759,22,Intake,English,Pretrial,Jail Inmate,Divorced,1357663510,1,8,Medium
589,PRETRIAL,1,Caucasian,-669979927,22,Intake,English,Pretrial,Probation,Single,1358802614,1,8,High
590,Probation,1,African-American,704248126,22,Intake,English,Pretrial,Probation,Single,1357061359,2,8,Low
591,PRETRIAL,1,Hispanic,329876855,22,Intake,English,Pretrial,Probation,Single,1356998400,4,8,Low
592,Probation,0,Caucasian,412686274,22,Intake,English,Post Sentence,Probation,Significant Other,1358108740,1,8,Low
593,Probation,1,African-American,-128815689,22,Intake,English,Pretrial,Jail Inmate,Single,1359504000,1,8,Low
594,PRETRIAL,0,African-American,731477801,22,Intake,English,Post Sentence,Jail Inmate,Single,1357472897,1,8,High
595,PRETRIAL,0,African-American,390190551,22,Intake,English,Post Sentence,Jail Inmate,Single,1358930225,1,8,High
596,PRETRIAL,1,African-American,578701871,17,Intake,English,Post Sentence,Jail Inmate,Single,1358439932,1,8,Low
597,PRETRIAL,0,African-American,397761508,22,Intake,English,Post Sentence,Jail Inmate,Married,1358777894,1,8,High
598,Probation,0,African-American,-326797697,22,Intake,English,Pretrial,Jail Inmate,Married,1359504000,3,8,Low
599,PRETRIAL,1,Caucasian,774115403,22,Intake,English,Post Sentence,Probation,Single,1358077493,1,8,Low
600,PRETRIAL,0,African-American,507169851,22,Intake,English,Other,Jail Inmate,Married,1357636142,1,8,Low
601,PRETRIAL,1,Caucasian,378752399,22,Intake,English,Pretrial,Probation,Single,1358923516,2,8,Low
602,PRETRIAL,1,Caucasian,-497414924,22,Intake,English,Pretrial,Jail Inmate,Single,1357190922,1,8,Low
603,PRETRIAL,0,African-American,537687410,22,Intake,English,Pretrial,Probation,Single,1358204672,1,8,Low
604,PRETRIAL,0,Caucasian,-374095211,22,Intake,English,Pretrial,Jail Inmate,Married,1358071244,2,8,Medium
605,Probation,1,African-American,125607898,22,Intake,English,Pretrial,Probation,Single,1358446913,1,8,Low
606,PRETRIAL,1,African-American,67930460,22,Intake,English,Post Sentence,Pretrial Defendant,Separated,1358209442,1,8,Low
607,Probation,1,African-American,77275373,22,Intake,English,Pretrial,Jail Inmate,Married,1358337662,2,8,Medium
608,Probation,1,African-American,532081636,17,Intake,English,Pretrial,Probation,Single,1358828533,2,8,Medium
609,PRETRIAL,1,Caucasian,466045252,22,Intake,English,Pretrial,Jail Inmate,Single,1358747157,2,8,Low
610,PRETRIAL,1,African-American,257641385,22,Intake,English,Pretrial,Probation,Single,1357837291,3,8,Medium
611,PRETRIAL,1,Caucasian,333275169,17,Intake,English,Pretrial,Jail Inmate,Married,1358082876,2,8,Low
612,PRETRIAL,1,Hispanic,475610457,22,Intake,English,Other,Jail Inmate,Single,1357770119,4,8,Medium
613,PRETRIAL,0,African-American,266158949,22,Intake,English,Pretrial,Jail Inmate,Significant Other,1357813095,1,8,High
614,PRETRIAL,1,Caucasian,-785946265,22,Intake,English,Pretrial,Probation,Married,1357703333,2,8,Low
615,PRETRIAL,1,African-American,-301439040,17,Intake,English,Pretrial,Jail Inmate,Married,1357812702,2,8,Medium
616,PRETRIAL,1,African-American,433320958,22,Intake,English,Post Sentence,Pretrial Defendant,Single,1359078579,4,8,Low
617,PRETRIAL,1,Hispanic,502284443,22,Intake,English,Pretrial,Probation,Single,1357678517,2,8,Low
618,PRETRIAL,0,Caucasian,-789166609,22,Intake,English,Pretrial,Jail Inmate,Single,1358599211,1,8,Medium
619,PRETRIAL,1,Hispanic,80923752,22,Intake,English,Pretrial,Probation,Married,1357850826,1,8,High
620,Probation,1,Hispanic,153010510,22,Intake,English,Pretrial,Pretrial Defendant,Single,1358931663,1,8,Low
621,Probation,1,Caucasian,211798083,17,Intake,English,Pretrial,Probation,Single,1359504000,3,8,Low
622,Probation,1,Caucasian,635665702,22,Intake,English,Pretrial,Jail Inmate,Single,1358864269,1,8,Medium
623,PRETRIAL,1,African-American,789177600,22,Intake,English,Pretrial,Probation,Single,1357501162,1,8,Low
624,PRETRIAL,0,Caucasian,562308958,22,Intake,English,Pretrial,Pretrial Defendant,Widowed,1358552718,1,8,Low
625,PRETRIAL,0,African-American,-329793470,22,Intake,English,Post Sentence,Jail Inmate,Married,1357113793,2,8,Low
626,PRETRIAL,1,Caucasian,144740665,22,Intake,English,Pretrial,Jail Inmate,Married,1359022715,1,8,High
627,DRRD,1,African-American,-312924253,22,Intake,English,Pretrial,Jail Inmate,Single,1358366647,2,8,Medium
628,PRETRIAL,0,African-American,174701033,22,Intake,English,Pretrial,Jail Inmate,Single,1357761969,1,8,Medium
629,Probation,1,African-American,-69138190,22,Intake,English,Pretrial,Probation,Single,1358195019,2,8,Medium
630,Probation,0,African-American,-497829050,22,Intake,English,Pretrial,Probation,Single,1358801140,2,8,High
631,PRETRIAL,1,African-American,789177600,22,Intake,English,Pretrial,Jail Inmate,Single,1359504000,1,8,Medium
632,Probation,0,Other,365390440,22,Intake,Spanish,Pretrial,Probation,Divorced,1358952424,1,8,High
633,PRETRIAL,1,Hispanic,-104438191,22,Intake,English,Pretrial,Jail Inmate,Married,1357889739,2,8,Low
634,PRETRIAL,0,Caucasian,273730112,22,Intake,English,Pretrial,Jail Inmate,Single,1357535619,2,8,High
635,PRETRIAL,1,Caucasian,216668548,22,Intake,English,Pretrial,Jail Inmate,Single,1358250553,1,8,Medium
636,Probation,1,Hispanic,-252839923,22,Intake,English,Pretrial,Jail Inmate,Single,1358037754,1,8,Low
637,Probation,1,African-American,789177600,22,Intake,English,Pretrial,Jail Inmate,Single,1357606267,3,8,Low
638,Probation,1,Caucasian,-280525580,22,Intake,English,Pretrial,Probation,Married,1357773380,1,8,Low
639,PRETRIAL,1,African-American,-215923448,22,Intake,English,Pretrial,Probation,Single,1358311807,1,8,High
640,Probation,1,African-American,508162271,22,Intake,English,Pretrial,Jail Inmate,Married,1359203296,1,8,High
641,Probation,0,African-American,648818950,17,Intake,English,Pretrial,Jail Inmate,Single,1359504000,2,8,Medium
642,PRETRIAL,1,African-American,482323627,22,Intake,English,Pretrial,Pretrial Defendant,Single,1358646513,1,8,Medium
643,Probation,1,Hispanic,244957410,22,Intake,English,Pretrial,Jail Inmate,Single,1358092543,2,8,Low
644,Probation,1,Hispanic,657769919,22,Intake,English,Post Sentence,Pretrial Defendant,Single,1359138247,1,8,Low
645,Probation,0,African-American,588551615,22,Intake,English,Pretrial,Jail Inmate,Single,1356998400,2,8,Low
646,Probation,1,African-American,188896342,22,Intake,English,Pretrial,Pretrial Defendant,Single,1358647826,1,8,Low
647,PRETRIAL,1,Caucasian,274372067,22,Intake,English,Pretrial,Jail Inmate,Single,1357653958,1,8,Low
648,PRETRIAL,1,Caucasian,676823918,17,Intake,English,Pretrial,Jail Inmate,Single,1357401518,3,8,Low
649,Probation,1,African-American,154867104,22,Intake,English,Pretrial,Jail Inmate,Single,1358841599,2,8,Medium
650,Probation,1,African-American,338773023,22,Intake,English,Pretrial,Probation,Widowed,1358538349,1,8,High
651,PRETRIAL,1,Hispanic,159168770,22,Intake,English,Post Sentence,Pretrial Defendant,Single,1359231207,1,8,Low
652,PRETRIAL,1,Hispanic,-173328691,22,Intake,English,Post Sentence,Jail Inmate,Single,1356998400,1,8,Low
653,DRRD,0,Caucasian,84430208,22,Intake,English,Pretrial,Jail Inmate,Single,1357731284,1,8,Low
654,DRRD,0,Other,-68255895,22,Intake,English,Pretrial,Jail Inmate,Single,1358911599,1,8,High
655,PRETRIAL,1,Caucasian,694293008,22,Intake,English,Pretrial,Probation,Single,1358261070,1,8,Medium
656,Probation,1,Hispanic,732821082,22,Intake,English,Pretrial,Jail Inmate,Single,1359431621,1,8,Low
657,PRETRIAL,0,African-American,-881692445,22,Intake,English,Pretrial,Jail Inmate,Single,1359012276,1,8,Low
658,PRETRIAL,1,African-American,114920412,22,Intake,English,Post Sentence,Jail Inmate,Married,1357546761,1,8,Medium
659,PRETRIAL,1,Hispanic,-728288586,22,Intake,English,Pretrial,Probation,Single,1357554586,2,8,Low
660,PRETRIAL,1,Hispanic,600491772,22,Intake,English,Pretrial,Jail Inmate,Single,1359504000,3,8,Low
661,PRETRIAL,0,African-American,-64269772,22,Intake,English,Pretrial,Jail Inmate,Single,1359334358,1,8,Medium
662,PRETRIAL,1,African-American,114226196,22,Intake,English,Pretrial,Pretrial Defendant,Divorced,1359401938,1,8,High
663,PRETRIAL,1,African-American,-408119804,22,Intake,English,Pretrial,Probation,Single,1358888908,2,8,Low
664,DRRD,0,Caucasian,650179203,22,Intake,English,Pretrial,Jail Inmate,Single,1359280392,2,8,Medium
665,PRETRIAL,1,African-American,685672938,22,Intake,English,Post Sentence,Probation,Single,1358970031,1,8,High
666,PRETRIAL,1,African-American,418261903,22,Intake,English,Pretrial,Probation,Single,1357481563,2,8,Low
667,PRETRIAL,1,Hispanic,-46160030,22,Intake,English,Post Sentence,Jail Inmate,Married,1358977910,1,8,Low
668,PRETRIAL,1,African-American,625129849,22,Intake,English,Pretrial,Jail Inmate,Separated,1358514568,3,8,Low
669,PRETRIAL,0,African-American,180618454,22,Intake,English,Pretrial,Jail Inmate,Single,1357343003,2,8,Low
670,Probation,1,Other,526660725,22,Intake,English,Pretrial,Probation,Married,1359504000,3,8,Low
671,Probation,1,Hispanic,644635000,22,Intake,English,Pretrial,Jail Inmate,Married,1358573175,1,8,Low
672,Probation,1,African-American,323021376,22,Intake,English,Pretrial,Jail Inmate,Single,1358553768,1,8,Low
673,DRRD,1,African-American,-742336406,22,Intake,English,Pretrial,Probation,Single,1357973025,1,8,Low
674,PRETRIAL,0,African-American,-1046634077,22,Intake,English,Post Sentence,Probation,Single,1357790552,3,8,High
675,PRETRIAL,0,Other,-101082074,22,Intake,English,Post Sentence,Jail Inmate,Single,1356998400,2,8,Low
676,Probation,1,African-American,352294332,22,Intake,English,Post Sentence,Pretrial Defendant,Divorced,1359153202,2,8,High
677,PRETRIAL,1,Caucasian,246561392,22,Intake,English,Post Sentence,Jail Inmate,Single,1358586131,2,8,Low
678,Probation,1,Caucasian,167946203,22,Intake,English,Pretrial,Probation,Single,1358528375,2,8,Low
679,Probation,0,Hispanic,789177600,22,Intake,English,Pretrial,Pretrial Defendant,Single,1358057565,1,8,High
680,PRETRIAL,1,Caucasian,326073691,22,Intake,English,Post Sentence,Probation,Single,1358882812,1,8,Low
681,Probation,1,African-American,-95769220,22,Intake,English,Pretrial,Jail Inmate,Single,1359248464,1,8,Low
682,PRETRIAL,1,African-American,277476925,22,Intake,English,Post Sentence,Jail Inmate,Single,1359107937,4,8,Medium
683,PRETRIAL,1,African-American,-493006105,22,Intake,English,Pretrial,Probation,Married,1358083731,1,8,Low
684,PRETRIAL,1,Hispanic,-98218925,22,Intake,English,Post Sentence,Probation,Single,1359327838,1,8,Medium
685,PRETRIAL,1,Caucasian,277769244,22,Intake,English,Pretrial,Probation,Married,1358443061,2,8,High
686,PRETRIAL,1,African-American,429639341,17,Intake,English,Pretrial,Jail Inmate,Single,1358649664,3,8,Low
687,PRETRIAL,1,African-American,685201479,22,Intake,English,Post Sentence,Pretrial Defendant,Single,1359088462,1,8,Medium
688,PRETRIAL,1,Hispanic,418205098,22,Intake,English,Other,Jail Inmate,Single,1357319796,1,8,Low
689,PRETRIAL,1,African-American,513857521,22,Intake,English,Pretrial,Jail Inmate,Single,1358941963,1,8,Medium
690,Probation,1,Caucasian,279542136,22,Intake,English,Pretrial,Jail Inmate,Single,1357215474,4,8,Low
691,Probation,1,Caucasian,420252778,22,Intake,English,Pretrial,Jail Inmate,Single,1358301073,2,8,Low
692,PRETRIAL,0,Caucasian,128250978,22,Intake,English,Post Sentence,Jail Inmate,Divorced,1356998400,1,8,Medium
693,PRETRIAL,0,Hispanic,-1009253603,22,Intake,English,Pretrial,Probation,Single,1358823902,1,8,Low
694,Probation,1,Oriental,396282007,22,Intake,English,Pretrial,Pretrial Defendant,Single,1357988826,3,8,High
695,Probation,1,Hispanic,-509839966,22,Intake,English,Pretrial,Pretrial Defendant,Separated,1357801880,1,8,Low
696,PRETRIAL,0,Hispanic,594665143,22,Intake,English,Pretrial,Probation,Single,1357872893,3,8,Medium
697,Probation,1,Other,193319164,22,Intake,English,Pretrial,Jail Inmate,Single,1358219570,1,8,Low
698,Probation,1,African-American,583333549,22,Intake,English,Post Sentence,Jail Inmate,Single,1358294411,1,8,Medium
699,PRETRIAL,1,Hispanic,-513635696,22,Intake,English,Post Sentence,Probation,Married,1358385499,1,8,High
700,PRETRIAL,0,Hispanic,-642489844,22,Intake,English,Post Sentence,Jail Inmate,Single,1357348518,2,8,Low
701,PRETRIAL,1,Hispanic,409541561,22,Intake,English,Other,Probation,Married,1358954677,1,8,Low
702,Probation,1,African-American,789177600,22,Intake,English,Post Sentence,Probation,Married,1358703036,1,8,Medium
703,Probation,0,African-American,501023049,22,Intake,English,Pretrial,Pretrial Defendant,Single,1359188304,1,8,Low
704,Probation,1,Oriental,789177600,22,Intake,English,Pretrial,Residential Program,Single,1359200340,1,8,Medium
705,DRRD,1,Caucasian,298870267,22,Intake,English,Pretrial,Probation,Single,1358760539,1,8,High
706,Probation,1,African-American,735617694,17,Intake,English,Post Sentence,Jail Inmate,Married,1357591177,3,8,High
707,Probation,1,Caucasian,644164458,22,Intake,English,Pretrial,Jail Inmate,Married,1357605198,2,8,Low
708,PRETRIAL,1,Hispanic,739022045,22,Intake,English,Pretrial,Probation,Single,1359504000,3,8,Low
709,Probation,1,African-American,-334381207,22,Intake,English,Pretrial,Jail Inmate,Single,1357747417,1,8,Low
710,PRETRIAL,0,Hispanic,314283943,22,Intake,English,Pretrial,Pretrial Defendant,Single,1358351471,3,8,Low
711,PRETRIAL,1,African-American,677619714,22,Intake,English,Pretrial,Jail Inmate,Single,1358798439,1,8,Medium
712,PRETRIAL,1,African-American,384401714,22,Intake,English,Pretrial,Jail Inmate,Divorced,1358514945,3,8,High
713,PRETRIAL,0,African-American,318166261,22,Intake,English,Pretrial,Probation,Married,1358089767,3,8,Medium
714,PRETRIAL,1,Hispanic,493714099,22,Intake,English,Pretrial,Jail Inmate,Single,1357462321,1,8,High
715,PRETRIAL,1,Hispanic,189334916,22,Intake,English,Pretrial,Jail Inmate,Married,1358175117,2,8,Low
716,PRETRIAL,1,Caucasian,268757036,22,Intake,English,Post Sentence,Jail Inmate,Single,1357828110,1,8,Low
717,PRETRIAL,1,Hispanic,-254850915,22,Intake,English,Pretrial,Jail Inmate,Single,1357607815,1,8,Medium
718,DRRD,1,African-American,-918220212,22,Intake,English,Pretrial,Jail Inmate,Significant Other,1358574687,2,8,Low
719,PRETRIAL,1,Caucasian,136232376,22,Intake,English,Pretrial,Probation,Single,1358710342,3,8,Medium
720,PRETRIAL,1,Caucasian,418960138,22,Intake,English,Pretrial,Probation,Single,1358296274,1,8,Low
721,PRETRIAL,1,African-American,698614396,17,Intake,English,Pretrial,Probation,Single,1357996274,1,8,Medium
722,PRETRIAL,1,African-American,161280595,22,Intake,English,Pretrial,Jail Inmate,Single,1358606468,1,8,High
723,PRETRIAL,1,African-American,-60622317,22,Intake,English,Post Sentence,Probation,Single,1358777833,4,8,Low
724,Probation,1,African-American,538877616,22,Intake,English,Pretrial,Probation,Single,1358236450,1,8,High
725,PRETRIAL,1,Hispanic,506659597,22,Intake,English,Pretrial,Jail Inmate,Single,1357536177,1,8,Medium
726,PRETRIAL,1,Hispanic,-166191635,22,Intake,English,Pretrial,Probation,Single,1358325625,1,8,Low
727,PRETRIAL,1,Other,514790284,22,Intake,English,Pretrial,Probation,Single,1358048704,3,8,Medium
728,PRETRIAL,0,African-American,-746141751,22,Intake,English,Post Sentence,Probation,Single,1358378984,1,8,Low
729,PRETRIAL,1,African-American,-527842617,22,Intake,English,Pretrial,Probation,Married,1357930227,1,8,Low
730,PRETRIAL,1,Caucasian,350034116,22,Intake,English,Pretrial,Jail Inmate,Married,1358561753,4,8,Low
731,Probation,0,Native American,541944236,22,Intake,English,Pretrial,Jail Inmate,Single,1359296049,1,8,High
732,Probation,1,Hispanic,282715065,22,Intake,English,Post Sentence,Jail Inmate,Significant Other,1358876359,1,8,Low
733,Probation,1,Caucasian,355238744,22,Intake,English,Pretrial,Probation,Single,1359465274,2,8,Medium
734,PRETRIAL,1,Caucasian,196684541,22,Intake,English,Conditional Release,Jail Inmate,Single,1359058045,3,8,Medium
735,PRETRIAL,1,Caucasian,515111176,22,Intake,English,Pretrial,Jail Inmate,Married,1358851011,1,8,Low
736,PRETRIAL,0,Oriental,361696847,22,Intake,English,Pretrial,Probation,Married,1357262869,4,8,Low
737,PRETRIAL,1,Hispanic,556842110,22,Intake,English,Post Sentence,Probation,Single,1357048401,1,8,Medium
738,PRETRIAL,0,African-American,-30496381,22,Intake,Spanish,Pretrial,Jail Inmate,Single,1358448383,1,8,Medium
739,PRETRIAL,0,Hispanic,575480063,22,Intake,English,Post Sentence,Probation,Divorced,1359073797,4,8,Low
740,Probation,1,Hispanic,298577559,22,Intake,English,Pretrial,Jail Inmate,Married,1357786505,1,8,Low
741,PRETRIAL,1,Hispanic,362895597,22,Intake,English,Pretrial,Jail Inmate,Single,1359321317,1,8,Low
742,PRETRIAL,1,African-American,403116712,22,Intake,English,Pretrial,Probation,Single,1358704452,1,8,Medium
743,PRETRIAL,1,Hispanic,327763678,22,Intake,English,Pretrial,Jail Inmate,Married,1358774114,3,8,High
744,PRETRIAL,1,Other,-415228129,17,Intake,English,Pretrial,Probation,Single,1357620319,4,8,Medium
745,Probation,1,Other,184570685,22,Intake,English,Other,Jail Inmate,Single,1357720202,1,8,Medium
746,Probation,1,Hispanic,599369481,22,Intake,English,Pretrial,Jail Inmate,Separated,1358180801,2,8,Medium
747,PRETRIAL,1,Caucasian,789177600,22,Intake,English,Post Sentence,Probation,Single,1357330402,1,8,Low
748,PRETRIAL,1,African-American,585304067,22,Intake,English,Pretrial,Probation,Single,1359004481,4,8,High
749,Probation,1,Hispanic,-243882187,22,Intake,English,Post Sentence,Jail Inmate,Single,1357003389,1,8,Low
750,PRETRIAL,1,Caucasian,541755349,22,Intake,English,Pretrial,Jail Inmate,Married,1357845766,4,8,Medium
751,Probation,1,Hispanic,181237016,22,Intake,English,Pretrial,Jail Inmate,Single,1359114578,3,8,Low
752,PRETRIAL,0,African-American,751771213,22,Intake,English,Pretrial,Jail Inmate,Single,1359504000,1,8,Low
753,PRETRIAL,1,Caucasian,281398404,22,Intake,English,Pretrial,Probation,Divorced,1358185473,2,8,Medium
754,Probation,1,African-American,468561948,22,Intake,English,Other,Jail Inmate,Single,1358805357,4,8,Medium
755,Probation,1,African-American,742151101,22,Intake,English,Post Sentence,Residential Program,Significant Other,1357416735,2,8,Low
756,PRETRIAL,1,African-American,789177600,22,Intake,English,Pretrial,Jail Inmate,Divorced,1357205324,1,8,High
757,Probation,1,African-American,483516952,22,Intake,English,Pretrial,Jail Inmate,Single,1358099174,1,8,Low
758,PRETRIAL,1,Hispanic,255053596,22,Intake,English,Pretrial,Jail Inmate,Married,1358391942,3,8,High
759,Probation,0,Hispanic,556911577,22,Intake,English,Pretrial,Probation,Divorced,1358195115,2,8,Low
760,PRETRIAL,1,Caucasian,-294402960,22,Intake,English,Other,Jail Inmate,Significant Other,1359334702,1,8,Low
761,PRETRIAL,1,Caucasian,153447185,22,Intake,English,Other,Probation,Widowed,1356998400,4,8,Low
762,PRETRIAL,1,African-American,387879830,22,Intake,English,Pretrial,Jail Inmate,Married,1359497618,1,8,Low
763,PRETRIAL,1,African-American,709732149,22,Intake,English,Pretrial,Probation,Married,1359504000,3,8,High
764,PRETRIAL,0,African-American,317281173,22,Intake,English,Pretrial,Jail Inmate,Single,1357210948,3,8,Medium
765,PRETRIAL,1,Hispanic,293206137,22,Intake,English,Post Sentence,Jail Inmate,Single,1358644118,1,8,Low
766,PRETRIAL,0,Native American,524891781,22,Intake,English,Other,Jail Inmate,Single,1357355135,2,8,Medium
767,Probation,0,African-American,660305602,22,Intake,English,Pretrial,Jail Inmate,Married,1358194509,4,8,Medium
768,Probation,1,Hispanic,658396062,22,Intake,English,Probation Violator,Jail Inmate,Divorced,1358669026,2,8,Medium
769,PRETRIAL,1,Caucasian,505702710,22,Intake,English,Pretrial,Probation,Single,1358042622,1,8,Low
770,PRETRIAL,1,Hispanic,-135790289,22,Intake,English,Pretrial,Jail Inmate,Separated,1358078592,1,8,Low
771,Probation,1,African-American,220042567,17,Intake,English,Other,Probation,Single,1358200128,2,8,Medium
772,PRETRIAL,1,Caucasian,-750739008,22,Intake,English,Pretrial,Jail Inmate,Married,1358264415,1,8,Low
773,PRETRIAL,0,Hispanic,-190769233,22,Intake,English,Conditional Release,Probation,Divorced,1357588747,1,8,High
774,PRETRIAL,1,Hispanic,205668983,22,Intake,English,Pretrial,Jail Inmate,Single,1357522755,4,8,Medium
775,PRETRIAL,1,Hispanic,670100653,22,Intake,English,Pretrial,Probation,Single,1358708780,1,8,Low
776,Probation,1,Caucasian,105700041,22,Intake,English,Pretrial,Jail Inmate,Single,1357822213,1,8,Low
777,Probation,1,African-American,-238515095,22,Intake,English,Pretrial,Jail Inmate,Married,1358608246,1,8,Low
778,PRETRIAL,1,Hispanic,485784051,22,Intake,English,Pretrial,Jail Inmate,Single,1357384298,1,8,High
779,PRETRIAL,0,Hispanic,441999300,17,Intake,English,Pretrial,Probation,Single,1357044568,1,8,High
780,PRETRIAL,1,Caucasian,-40162333,22,Intake,English,Pretrial,Probation,Married,1358381355,2,8,Medium
781,Probation,1,Caucasian,-480089411,22,Intake,English,Pretrial,Jail Inmate,Single,1359278107,4,8,Low
782,PRETRIAL,1,Caucasian,-606005496,17,Intake,English,Pretrial,Probation,Single,1358946109,1,8,Low
783,Probation,0,Hispanic,605343688,22,Intake,English,Pretrial,Jail Inmate,Married,1358198866,4,8,Medium
784,PRETRIAL,1,Hispanic,-271331652,22,Intake,English,Post Sentence,Jail Inmate,Married,1357800011,1,8,Medium
785,PRETRIAL,1,Hispanic,506128210,22,Intake,English,Pretrial,Probation,Single,1357236592,2,8,Low
786,PRETRIAL,1,Oriental,418411957,22,Intake,English,Pretrial,Jail Inmate,Single,1357661699,1,8,Low
787,PRETRIAL,1,Caucasian,-1029880505,22,Intake,English,Pretrial,Jail Inmate,Single,1358791433,4,8,High
788,PRETRIAL,0,African-American,22795456,22,Intake,English,Pretrial,Probation,Married,1356998400,1,8,Medium
789,PRETRIAL,1,African-American,629033789,22,Intake,English,Pretrial,Pretrial Defendant,Married,1357686741,2,8,High
790,PRETRIAL,1,African-American,488719573,22,Intake,English,Pretrial,Probation,Single,1359504000,4,8,Low
791,PRETRIAL,1,African-American,245286501,22,Intake,English,Pretrial,Probation,Married,1358045281,1,8,Low
792,PRETRIAL,1,African-American,789177600,22,Intake,English,Pretrial,Jail Inmate,Married,1357116477,1,8,High
793,PRETRIAL,1,Other,-75658259,22,Intake,English,Pretrial,Jail Inmate,Single,1359014487,3,8,Low
794,Probation,0,Other,243897777,22,Intake,English,Other,Jail Inmate,Single,1357529387,2,8,High
795,PRETRIAL,1,African-American,-649774078,22,Intake,English,Pretrial,Jail Inmate,Single,1359172094,3,8,Low
796,PRETRIAL,0,Caucasian,261472306,17,Intake,English,Post Sentence,Jail Inmate,Married,1356998400,1,8,Medium
797,DRRD,1,Hispanic,453178509,22,Intake,English,Pretrial,Probation,Separated,1356998400,3,8,High
798,PRETRIAL,1,Hispanic,526504428,22,Intake,English,Conditional Release,Probation,Separated,1358807364,1,8,High
