Agency_Text,Sex_Code_Text,Ethnic_Code_Text,DateOfBirth,ScaleSet_ID,AssessmentReason,Language,LegalStatus,CustodyStatus,MaritalStatus,Screening_Date,RecSupervisionLevel,Scale_ID,ScoreText
PRETRIAL,1,Oriental,-669483384.0,22,Intake,English,Post Sentence,Jail Inmate,Single,1358469428.0,1,8,Medium
PRETRIAL,0,African-American,352056181.0,17,Intake,English,Post Sentence,Jail Inmate,Single,1357438795.0,1,8,Low
PRETRIAL,1,Oriental,-300979178.0,17,Intake,English,Post Sentence,Residential Program,Widowed,1358484108.0,4,8,Medium
PRETRIAL,0,Caucasian,403677826.0,17,Intake,English,Post Sentence,Jail Inmate,Widowed,1357389498.0,1,8,Medium
PRETRIAL,0,African-American,429682043.0,22,Intake,English,Pretrial,Probation,Single,1358457310.0,1,8,Medium
PRETRIAL,1,Oriental,-1229995178.0,17,Intake,English,Post Sentence,Jail Inmate,Single,1359393534.0,3,8,Medium
PRETRIAL,1,Oriental,45584414.0,17,Intake,English,Post Sentence,Jail Inmate,Single,1359471087.0,1,8,Medium
Probation,1,African-American,-3927232.0,17,Intake,English,Post Sentence,Jail Inmate,Widowed,1358546724.0,2,8,Medium
Probation,0,Hispanic,426108674.0,17,Intake,English,Post Sentence,Jail Inmate,Widowed,1358461029.0,2,8,Low
PRETRIAL,1,African-American,-1211607021.0,17,Intake,English,Post Sentence,Probation,Divorced,1359466852.0,2,8,Low
PRETRIAL,1,Hispanic,-250740504.0,17,Intake,English,Pretrial,Probation,Widowed,1358333961.0,1,8,Medium
PRETRIAL,0,Hispanic,-910581283.0,17,Intake,English,Pretrial,Jail Inmate,Widowed,1358278957.0,2,8,Medium
PRETRIAL,1,Hispanic,-1242679631.0,17,Intake,English,Post Sentence,Jail Inmate,Divorced,1358480688.0,1,8,Medium
Probation,0,Caucasian,42699734.0,17,Intake,English,Post Sentence,Jail Inmate,Widowed,1357404324.0,1,8,Medium
PRETRIAL,1,Asian,440717569.0,17,Intake,English,Post Sentence,Jail Inmate,Single,1357439154.0,4,8,Medium
PRETRIAL,0,Asian,402811176.0,17,Intake,English,Post Sentence,Residential Program,Widowed,1357458760.0,1,8,Medium
PRETRIAL,0,Hispanic,-1177976833.0,17,Intake,English,Pretrial,Residential Program,Single,1357403506.0,4,8,Low
PRETRIAL,0,Hispanic,-758270670.0,17,Intake,English,Pretrial,Jail Inmate,Single,1357452980.0,1,8,Medium
PRETRIAL,0,Oriental,-1188232797.0,17,Intake,English,Post Sentence,Jail Inmate,Widowed,1359414654.0,1,8,Medium
Probation,1,African-American,-869623066.0,17,Intake,English,Post Sentence,Probation,Single,1358397951.0,3,8,Medium
Probation,1,African-American,-930627576.0,17,Intake,English,Pretrial,Probation,Single,1357475685.0,4,8,Medium
PRETRIAL,1,African-American,-887381237.0,17,Intake,English,Pretrial,Probation,Divorced,1358445775.0,1,8,Medium
PRETRIAL,0,African-American,-869965965.0,17,Intake,English,Post Sentence,Jail Inmate,Single,1357415317.0,3,8,Low
PRETRIAL,0,Asian,-892105623.0,17,Intake,English,Post Sentence,Jail Inmate,Divorced,1358449823.0,4,8,Low
PRETRIAL,0,Hispanic,425649687.0,17,Intake,English,Pretrial,Jail Inmate,Divorced,1358504928.0,1,8,Medium
PRETRIAL,0,Hispanic,-952209968.0,17,Intake,English,Pretrial,Residential Program,Single,1358267464.0,4,8,Medium
PRETRIAL,1,Hispanic,421736979.0,22,Intake,English,Post Sentence,Residential Program,Widowed,1358426038.0,1,8,Medium
Probation,0,Hispanic,-899637896.0,17,Intake,English,Post Sentence,Residential Program,Single,1358498723.0,3,8,Low
PRETRIAL,1,Oriental,471078947.0,17,Intake,English,Post Sentence,Jail Inmate,Divorced,1358440432.0,3,8,Medium
PRETRIAL,1,Hispanic,-862982805.0,22,Intake,English,Post Sentence,Residential Program,Single,1358386058.0,2,8,Medium
PRETRIAL,0,Hispanic,-707343347.0,17,Intake,English,Pretrial,Residential Program,Single,1357470084.0,1,8,Medium
PRETRIAL,1,Hispanic,-1182555773.0,17,Intake,English,Pretrial,Residential Program,Widowed,1357472139.0,1,8,Medium
PRETRIAL,0,African-American,403840180.0,17,Intake,English,Post Sentence,Residential Program,Single,1359475787.0,1,8,Medium
PRETRIAL,1,Hispanic,459951820.0,17,Intake,English,Post Sentence,Jail Inmate,Divorced,1358573107.0,1,8,Medium
PRETRIAL,1,African-American,-1215180902.0,17,Intake,English,Pretrial,Jail Inmate,Widowed,1359465877.0,2,8,Medium
PRETRIAL,1,African-American,378444686.0,17,Intake,English,Pretrial,Residential Program,Single,1357400982.0,1,8,Medium
PRETRIAL,1,African-American,451159701.0,17,Intake,English,Post Sentence,Residential Program,Divorced,1357466015.0,2,8,Medium
PRETRIAL,1,Caucasian,-921489964.0,22,Intake,English,Pretrial,Probation,Divorced,1359480970.0,2,8,Low
Probation,0,Hispanic,461993878.0,17,Intake,English,Post Sentence,Jail Inmate,Single,1358346409.0,1,8,Low
PRETRIAL,0,African-American,-893736900.0,17,Intake,English,Post Sentence,Probation,Single,1358420762.0,1,8,Low
PRETRIAL,1,Hispanic,-859423998.0,22,Intake,English,Post Sentence,Jail Inmate,Single,1358450524.0,1,8,Medium
PRETRIAL,0,Hispanic,-911726008.0,17,Intake,English,Post Sentence,Probation,Single,1357453040.0,1,8,Medium
PRETRIAL,0,African-American,363354893.0,17,Intake,English,Post Sentence,Residential Program,Widowed,1358489333.0,2,8,Medium
PRETRIAL,0,Caucasian,-1246587813.0,17,Intake,English,Post Sentence,Residential Program,Single,1357387772.0,1,8,Medium
PRETRIAL,1,Hispanic,-619941169.0,17,Intake,English,Post Sentence,Jail Inmate,Single,1358480955.0,4,8,Medium
PRETRIAL,1,Caucasian,363650473.0,17,Intake,English,Post Sentence,Probation,Widowed,1358442432.0,2,8,Medium
PRETRIAL,1,Hispanic,396686261.0,22,Intake,English,Post Sentence,Residential Program,Single,1357419167.0,1,8,Medium
PRETRIAL,1,Oriental,-904107598.0,17,Intake,English,Post Sentence,Jail Inmate,Single,1358558838.0,1,8,Medium
PRETRIAL,0,Hispanic,298540969.0,17,Intake,English,Post Sentence,Jail Inmate,Single,1359380303.0,1,8,Medium
PRETRIAL,0,African-American,373652946.0,17,Intake,English,Pretrial,Probation,Divorced,1359406291.0,1,8,Medium
PRETRIAL,1,Hispanic,47581516.0,17,Intake,English,Pretrial,Probation,Single,1357456018.0,1,8,Medium
PRETRIAL,1,African-American,10978927.0,22,Intake,English,Post Sentence,Jail Inmate,Single,1357457031.0,1,8,Low
Probation,1,African-American,-954297184.0,22,Intake,English,Post Sentence,Probation,Single,1359440696.0,3,8,Low
PRETRIAL,0,African-American,-2202066.0,17,Intake,English,Post Sentence,Jail Inmate,Divorced,1357493673.0,1,8,Medium
PRETRIAL,1,African-American,-910245997.0,17,Intake,English,Pretrial,Probation,Single,1357434489.0,3,8,Low
PRETRIAL,1,Hispanic,473121584.0,17,Intake,English,Pretrial,Residential Program,Single,1358415811.0,4,8,Medium
PRETRIAL,1,Hispanic,-951348859.0,22,Intake,English,Post Sentence,Jail Inmate,Widowed,1358607970.0,1,8,Medium
PRETRIAL,0,Caucasian,21623231.0,17,Intake,English,Post Sentence,Jail Inmate,Divorced,1357406707.0,4,8,Medium
PRETRIAL,1,Oriental,-683689208.0,22,Intake,English,Post Sentence,Jail Inmate,Widowed,1357449947.0,3,8,Medium
PRETRIAL,0,African-American,433408787.0,17,Intake,English,Post Sentence,Jail Inmate,Single,1357462364.0,4,8,Medium
PRETRIAL,0,Hispanic,-878660015.0,17,Intake,English,Post Sentence,Residential Program,Divorced,1358354142.0,3,8,Medium
PRETRIAL,1,Hispanic,-906913217.0,17,Intake,English,Post Sentence,Probation,Single,1358474871.0,1,8,Medium
PRETRIAL,1,Hispanic,373271504.0,17,Intake,English,Pretrial,Residential Program,Widowed,1359426839.0,1,8,Medium
PRETRIAL,0,Caucasian,-797386521.0,17,Intake,English,Pretrial,Jail Inmate,Single,1358509174.0,4,8,Medium
PRETRIAL,0,Hispanic,25368897.0,22,Intake,English,Post Sentence,Jail Inmate,Single,1358381277.0,1,8,Medium
PRETRIAL,1,Caucasian,-1225867724.0,17,Intake,English,Post Sentence,Jail Inmate,Widowed,1358467491.0,2,8,Medium
PRETRIAL,1,Hispanic,438442116.0,22,Intake,English,Pretrial,Residential Program,Single,1357494721.0,2,8,Low
PRETRIAL,0,Caucasian,416659883.0,22,Intake,English,Pretrial,Residential Program,Single,1357417232.0,1,8,Medium
PRETRIAL,0,Caucasian,24135856.0,17,Intake,English,Pretrial,Residential Program,Divorced,1357429513.0,1,8,Medium
PRETRIAL,1,Hispanic,-1241804608.0,22,Intake,English,Post Sentence,Probation,Single,1357465168.0,1,8,Low
Probation,1,African-American,-943070898.0,17,Intake,English,Pretrial,Jail Inmate,Single,1357456653.0,1,8,Medium
PRETRIAL,1,African-American,396239297.0,17,Intake,English,Post Sentence,Residential Program,Single,1357406826.0,2,8,Medium
Probation,0,Hispanic,337095988.0,22,Intake,English,Post Sentence,Jail Inmate,Divorced,1358335336.0,1,8,Low
PRETRIAL,1,Hispanic,-894921280.0,22,Intake,English,Post Sentence,Jail Inmate,Widowed,1358289398.0,1,8,Low
PRETRIAL,0,African-American,-707392683.0,17,Intake,English,Pretrial,Jail Inmate,Divorced,1357418885.0,4,8,Medium
PRETRIAL,0,Asian,386253708.0,17,Intake,English,Probation Violator,Probation,Divorced,1359446310.0,4,8,Medium
PRETRIAL,1,Oriental,-266249694.0,17,Intake,English,Post Sentence,Jail Inmate,Single,1357465984.0,1,8,Medium
PRETRIAL,0,Hispanic,-1181374832.0,17,Intake,English,Post Sentence,Residential Program,Divorced,1357393184.0,1,8,Medium
PRETRIAL,0,Hispanic,59967680.0,17,Intake,English,Post Sentence,Residential Program,Widowed,1357376995.0,1,8,Medium
PRETRIAL,1,African-American,-875775440.0,17,Intake,English,Post Sentence,Jail Inmate,Widowed,1359457375.0,4,8,Medium
PRETRIAL,1,African-American,-870034507.0,17,Intake,English,Post Sentence,Residential Program,Single,1357377317.0,1,8,Low
PRETRIAL,1,Caucasian,-764422767.0,17,Intake,English,Post Sentence,Residential Program,Single,1358382113.0,1,8,Medium
PRETRIAL,0,Hispanic,20524018.0,17,Intake,English,Post Sentence,Residential Program,Divorced,1358279485.0,4,8,Low
PRETRIAL,1,Hispanic,-1231400514.0,17,Intake,English,Post Sentence,Jail Inmate,Widowed,1358458398.0,1,8,Medium
PRETRIAL,1,Hispanic,37493820.0,17,Intake,English,Pretrial,Residential Program,Single,1358384817.0,2,8,Medium
PRETRIAL,1,African-American,-315914253.0,17,Intake,English,Post Sentence,Residential Program,Single,1359386538.0,1,8,Medium
PRETRIAL,0,African-American,460632008.0,17,Intake,English,Post Sentence,Residential Program,Single,1358498264.0,2,8,Medium
PRETRIAL,1,African-American,-772006513.0,17,Intake,English,Post Sentence,Residential Program,Single,1357427190.0,1,8,Medium
PRETRIAL,1,African-American,-45997785.0,17,Intake,English,Post Sentence,Jail Inmate,Single,1357486043.0,1,8,Low
Probation,0,Hispanic,334728839.0,17,Intake,English,Post Sentence,Jail Inmate,Divorced,1358403606.0,1,8,Medium
PRETRIAL,1,Hispanic,474866243.0,22,Intake,English,Post Sentence,Probation,Separated,1357428764.0,3,8,Low
PRETRIAL,0,Hispanic,-902852071.0,17,Intake,English,Post Sentence,Jail Inmate,Single,1359423575.0,1,8,Low
PRETRIAL,1,Oriental,11246177.0,17,Intake,English,Post Sentence,Residential Program,Widowed,1357396406.0,1,8,Medium
PRETRIAL,1,African-American,341987759.0,22,Intake,English,Post Sentence,Jail Inmate,Single,1359419914.0,3,8,Medium
PRETRIAL,1,Hispanic,-1169062251.0,17,Intake,English,Post Sentence,Jail Inmate,Divorced,1357497866.0,2,8,Medium
PRETRIAL,1,African-American,471483931.0,17,Intake,English,Pretrial,Residential Program,Widowed,1358470103.0,1,8,Medium
PRETRIAL,1,African-American,-880838568.0,17,Intake,English,Post Sentence,Jail Inmate,Single,1358424421.0,1,8,Medium
PRETRIAL,1,Hispanic,282440921.0,17,Intake,English,Pretrial,Residential Program,Divorced,1358553035.0,1,8,Medium
PRETRIAL,1,African-American,-693352589.0,22,Intake,English,Post Sentence,Jail Inmate,Divorced,1358284241.0,1,8,Medium
PRETRIAL,0,Hispanic,324078423.0,17,Intake,English,Post Sentence,Jail Inmate,Divorced,1358443046.0,1,8,Low
PRETRIAL,0,Caucasian,338886307.0,17,Intake,English,Post Sentence,Jail Inmate,Single,1357466401.0,2,8,Low
PRETRIAL,1,Hispanic,-875505735.0,22,Intake,English,Post Sentence,Jail Inmate,Single,1357460263.0,2,8,Medium
PRETRIAL,0,Hispanic,298996396.0,17,Intake,English,Pretrial,Probation,Widowed,1357432201.0,4,8,Medium
Probation,0,Hispanic,452374037.0,17,Intake,English,Pretrial,Jail Inmate,Widowed,1358256454.0,3,8,Medium
PRETRIAL,0,Hispanic,-950516621.0,17,Intake,English,Post Sentence,Residential Program,Single,1357489686.0,3,8,Medium
PRETRIAL,1,African-American,296670147.0,17,Intake,English,Post Sentence,Jail Inmate,Widowed,1357425471.0,1,8,Medium
PRETRIAL,1,African-American,46695691.0,17,Intake,English,Post Sentence,Residential Program,Single,1359427617.0,1,8,Medium
PRETRIAL,0,Hispanic,411263934.0,22,Intake,English,Post Sentence,Probation,Divorced,1358251590.0,2,8,Medium
PRETRIAL,0,Caucasian,-878510988.0,17,Intake,English,Post Sentence,Jail Inmate,Single,1358393797.0,1,8,Low
Probation,0,African-American,-952219622.0,17,Intake,English,Post Sentence,Residential Program,Widowed,1359487570.0,3,8,Medium
PRETRIAL,0,African-American,-947505215.0,17,Intake,English,Post Sentence,Jail Inmate,Separated,1358440866.0,1,8,Low
Probation,1,Oriental,-890695277.0,17,Intake,English,Post Sentence,Probation,Widowed,1357465999.0,1,8,Medium
PRETRIAL,0,African-American,278613943.0,17,Intake,English,Post Sentence,Jail Inmate,Single,1358520322.0,2,8,Medium
PRETRIAL,1,Asian,333086803.0,17,Intake,English,Post Sentence,Jail Inmate,Single,1358543109.0,4,8,Medium
PRETRIAL,0,African-American,367725364.0,17,Intake,English,Post Sentence,Probation,Single,1358356452.0,1,8,Medium
PRETRIAL,1,Hispanic,-907540312.0,17,Intake,English,Pretrial,Residential Program,Widowed,1358479292.0,1,8,Medium
Probation,1,African-American,447129040.0,22,Intake,English,Post Sentence,Jail Inmate,Single,1358282118.0,1,8,Low
PRETRIAL,0,African-American,379748730.0,17,Intake,English,Post Sentence,Jail Inmate,Single,1357376993.0,3,8,Low
Probation,0,African-American,-278883420.0,22,Intake,English,Pretrial,Jail Inmate,Single,1358602794.0,1,8,Medium
PRETRIAL,1,Hispanic,336432918.0,17,Intake,English,Post Sentence,Jail Inmate,Single,1358522913.0,1,8,Medium
PRETRIAL,0,African-American,-284967912.0,17,Intake,English,Post Sentence,Jail Inmate,Single,1358475161.0,1,8,Medium
PRETRIAL,1,Hispanic,-922274562.0,17,Intake,English,Post Sentence,Probation,Widowed,1358336849.0,3,8,Medium
Probation,1,Hispanic,-924445665.0,17,Intake,English,Post Sentence,Probation,Single,1358272286.0,1,8,Medium
PRETRIAL,1,Oriental,-861549421.0,17,Intake,English,Post Sentence,Probation,Single,1357384073.0,1,8,Low
PRETRIAL,1,African-American,-958836704.0,17,Intake,English,Post Sentence,Jail Inmate,Single,1357490456.0,1,8,Low
PRETRIAL,1,African-American,379227293.0,17,Intake,English,Post Sentence,Jail Inmate,Divorced,1359453622.0,1,8,Medium
PRETRIAL,1,Hispanic,476027190.0,22,Intake,English,Pretrial,Jail Inmate,Single,1359456458.0,1,8,Medium
PRETRIAL,1,African-American,-737436374.0,17,Intake,English,Post Sentence,Jail Inmate,Single,1357431557.0,2,8,Low
PRETRIAL,0,African-American,-949819948.0,17,Intake,English,Pretrial,Jail Inmate,Single,1358395281.0,1,8,Medium
PRETRIAL,1,African-American,398696608.0,22,Intake,English,Post Sentence,Probation,Widowed,1357449655.0,1,8,Medium
PRETRIAL,0,African-American,-880073820.0,17,Intake,English,Pretrial,Residential Program,Divorced,1359410350.0,2,8,Medium
PRETRIAL,1,Caucasian,-41677091.0,17,Intake,English,Post Sentence,Residential Program,Single,1357475202.0,4,8,Low
PRETRIAL,0,African-American,-1269373970.0,17,Intake,English,Post Sentence,Jail Inmate,Single,1357466035.0,4,8,Medium
PRETRIAL,0,African-American,-918728844.0,17,Intake,English,Post Sentence,Residential Program,Single,1358505176.0,2,8,Medium
PRETRIAL,0,Caucasian,-24722994.0,22,Intake,English,Post Sentence,Residential Program,Widowed,1357491054.0,1,8,Medium
PRETRIAL,1,African-American,300736235.0,22,Intake,English,Post Sentence,Probation,Single,1358381030.0,1,8,Medium
PRETRIAL,1,Asian,-12426737.0,17,Intake,English,Post Sentence,Jail Inmate,Widowed,1358387708.0,3,8,Medium
PRETRIAL,0,African-American,443660195.0,17,Intake,English,Pretrial,Jail Inmate,Single,1357410914.0,1,8,Medium
PRETRIAL,0,Caucasian,722228668.0,17,Intake,English,Post Sentence,Probation,Single,1358395373.0,1,8,Low
PRETRIAL,0,Hispanic,395578611.0,17,Intake,English,Post Sentence,Residential Program,Divorced,1359408304.0,4,8,Medium
Probation,1,Hispanic,-704599596.0,22,Intake,English,Post Sentence,Jail Inmate,Single,1358546336.0,1,8,Medium
PRETRIAL,0,African-American,381055537.0,17,Intake,English,Pretrial,Residential Program,Single,1358468623.0,4,8,Medium
PRETRIAL,0,Hispanic,-952187295.0,17,Intake,English,Post Sentence,Probation,Widowed,1357424942.0,1,8,Medium
Probation,0,Hispanic,375785451.0,17,Intake,English,Post Sentence,Jail Inmate,Single,1359412526.0,4,8,Low
PRETRIAL,1,African-American,-323774351.0,22,Intake,English,Post Sentence,Probation,Widowed,1358438157.0,1,8,Medium
PRETRIAL,0,Hispanic,-925639403.0,17,Intake,English,Probation Violator,Jail Inmate,Widowed,1358300384.0,1,8,Medium
PRETRIAL,0,Hispanic,452385278.0,17,Intake,English,Post Sentence,Residential Program,Widowed,1358415413.0,4,8,Medium
Probation,1,Hispanic,-876201393.0,17,Intake,English,Pretrial,Jail Inmate,Widowed,1357487060.0,1,8,Low
PRETRIAL,0,African-American,59462867.0,17,Intake,English,Post Sentence,Jail Inmate,Widowed,1357443200.0,1,8,Medium
Probation,1,African-American,394456112.0,22,Intake,English,Probation Violator,Jail Inmate,Single,1358624200.0,4,8,Medium
PRETRIAL,1,African-American,-275004740.0,22,Intake,English,Post Sentence,Residential Program,Single,1358473310.0,3,8,Medium
Probation,0,African-American,-862988727.0,17,Intake,English,Post Sentence,Jail Inmate,Single,1358573232.0,4,8,Medium
PRETRIAL,1,Hispanic,382979617.0,17,Intake,English,Pretrial,Residential Program,Single,1358534639.0,1,8,Low
PRETRIAL,0,Asian,-892907534.0,17,Intake,English,Pretrial,Probation,Single,1358587808.0,1,8,Medium
PRETRIAL,0,Hispanic,464114503.0,17,Intake,English,Post Sentence,Residential Program,Single,1357431357.0,1,8,Medium
Probation,0,Asian,412271342.0,17,Intake,English,Post Sentence,Residential Program,Single,1358466855.0,1,8,Medium
PRETRIAL,0,African-American,402829827.0,22,Intake,English,Post Sentence,Jail Inmate,Single,1358427065.0,1,8,Medium
PRETRIAL,1,African-American,-901090375.0,17,Intake,English,Pretrial,Jail Inmate,Divorced,1357436380.0,1,8,Low
PRETRIAL,1,Hispanic,319531032.0,17,Intake,English,Post Sentence,Probation,Divorced,1359381311.0,1,8,Medium
PRETRIAL,1,Oriental,704146907.0,17,Intake,English,Pretrial,Jail Inmate,Single,1357466942.0,2,8,Medium
PRETRIAL,1,African-American,-295718338.0,17,Intake,English,Pretrial,Residential Program,Widowed,1357378534.0,1,8,Low
PRETRIAL,0,Hispanic,-714258115.0,17,Intake,English,Post Sentence,Jail Inmate,Divorced,1358461761.0,4,8,Medium
PRETRIAL,1,African-American,-1213077401.0,17,Intake,English,Post Sentence,Jail Inmate,Widowed,1357447153.0,4,8,Medium
Probation,0,Hispanic,326361480.0,17,Intake,English,Probation Violator,Probation,Single,1357471447.0,1,8,Low
Probation,1,African-American,409090701.0,22,Intake,English,Post Sentence,Jail Inmate,Single,1359415023.0,1,8,Low
Probation,0,Hispanic,-925784039.0,17,Intake,English,Post Sentence,Jail Inmate,Widowed,1357460196.0,1,8,Medium
PRETRIAL,0,African-American,-876269958.0,17,Intake,English,Pretrial,Jail Inmate,Widowed,1358402425.0,1,8,Medium
PRETRIAL,1,Oriental,-318459614.0,22,Intake,English,Probation Violator,Residential Program,Divorced,1357440547.0,4,8,Medium
PRETRIAL,1,Hispanic,-904819693.0,17,Intake,English,Post Sentence,Residential Program,Widowed,1357416870.0,4,8,Medium
PRETRIAL,0,Hispanic,-961305220.0,17,Intake,English,Post Sentence,Probation,Single,1357496821.0,4,8,Medium
PRETRIAL,1,Hispanic,-783126258.0,17,Intake,English,Pretrial,Jail Inmate,Single,1357495995.0,1,8,Low
PRETRIAL,1,Caucasian,-927972212.0,22,Intake,English,Post Sentence,Residential Program,Divorced,1358402660.0,1,8,Low
PRETRIAL,0,Hispanic,-854832967.0,17,Intake,English,Pretrial,Jail Inmate,Single,1358447393.0,1,8,Medium
PRETRIAL,1,Hispanic,-727553206.0,17,Intake,English,Post Sentence,Residential Program,Single,1359419993.0,1,8,Medium
PRETRIAL,1,Caucasian,401741988.0,17,Intake,English,Post Sentence,Jail Inmate,Widowed,1358497818.0,1,8,Medium
PRETRIAL,1,Hispanic,475212935.0,22,Intake,English,Post Sentence,Probation,Widowed,1359494545.0,1,8,Medium
PRETRIAL,0,African-American,-926291651.0,17,Intake,English,Pretrial,Jail Inmate,Divorced,1358449912.0,1,8,Low
Probation,1,African-American,406662128.0,17,Intake,English,Pretrial,Probation,Single,1358466692.0,1,8,Medium
PRETRIAL,0,Caucasian,-925572847.0,17,Intake,English,Post Sentence,Residential Program,Divorced,1357459596.0,3,8,Low
PRETRIAL,0,African-American,-246743086.0,17,Intake,English,Post Sentence,Probation,Single,1358420748.0,1,8,Low
PRETRIAL,1,African-American,-897282198.0,17,Intake,English,Post Sentence,Probation,Widowed,1357489042.0,3,8,Medium
PRETRIAL,1,Hispanic,-898587881.0,17,Intake,English,Post Sentence,Jail Inmate,Single,1357486924.0,2,8,Medium
PRETRIAL,1,Hispanic,347693767.0,17,Intake,English,Post Sentence,Jail Inmate,Single,1358292625.0,4,8,Low
PRETRIAL,1,Hispanic,-716513580.0,17,Intake,English,Post Sentence,Jail Inmate,Single,1358470114.0,2,8,Medium
Probation,1,Oriental,419701445.0,17,Intake,English,Post Sentence,Probation,Widowed,1358377619.0,1,8,Low
PRETRIAL,1,African-American,341017846.0,17,Intake,English,Pretrial,Jail Inmate,Divorced,1357476513.0,1,8,Medium
PRETRIAL,1,Hispanic,377154823.0,17,Intake,English,Post Sentence,Probation,Widowed,1357445007.0,4,8,Medium
PRETRIAL,1,African-American,-324500431.0,17,Intake,English,Post Sentence,Probation,Single,1357493545.0,4,8,Medium
PRETRIAL,1,Asian,411456169.0,17,Intake,English,Pretrial,Probation,Single,1358296701.0,4,8,Low
PRETRIAL,0,African-American,-937916112.0,17,Intake,English,Post Sentence,Jail Inmate,Divorced,1359457109.0,1,8,Medium
PRETRIAL,1,Hispanic,-896905924.0,17,Intake,English,Pretrial,Residential Program,Divorced,1358416946.0,1,8,Low
PRETRIAL,0,African-American,-820523985.0,17,Intake,English,Post Sentence,Jail Inmate,Widowed,1359476787.0,1,8,Medium
PRETRIAL,0,Hispanic,-769333792.0,17,Intake,English,Post Sentence,Jail Inmate,Single,1358451736.0,2,8,Medium
Probation,0,Hispanic,-904041580.0,17,Intake,English,Pretrial,Probation,Widowed,1358374910.0,3,8,Medium
PRETRIAL,1,African-American,-301614469.0,22,Intake,English,Post Sentence,Residential Program,Single,1357374367.0,1,8,Medium
PRETRIAL,1,Hispanic,-921135125.0,17,Intake,English,Pretrial,Residential Program,Divorced,1359396354.0,2,8,Medium
PRETRIAL,0,Hispanic,449317766.0,17,Intake,English,Post Sentence,Jail Inmate,Widowed,1358381942.0,1,8,Medium
PRETRIAL,1,Hispanic,-919490582.0,17,Intake,English,Pretrial,Jail Inmate,Single,1357390006.0,1,8,Medium
PRETRIAL,1,Hispanic,-688260851.0,17,Intake,English,Post Sentence,Probation,Divorced,1359495153.0,1,8,Low
PRETRIAL,0,Hispanic,-957766309.0,17,Intake,English,Post Sentence,Jail Inmate,Single,1358620602.0,4,8,Medium
PRETRIAL,1,Hispanic,-916695421.0,17,Intake,English,Pretrial,Jail Inmate,Single,1358436666.0,2,8,Medium
PRETRIAL,1,African-American,403709788.0,17,Intake,English,Pretrial,Probation,Single,1358495081.0,2,8,Low
PRETRIAL,0,Hispanic,290201607.0,17,Intake,English,Post Sentence,Residential Program,Single,1358479008.0,1,8,Low
PRETRIAL,1,African-American,-908222968.0,17,Intake,English,Post Sentence,Jail Inmate,Widowed,1357471785.0,1,8,Medium
PRETRIAL,1,Oriental,15028184.0,17,Intake,English,Post Sentence,Residential Program,Widowed,1358470099.0,4,8,Low
PRETRIAL,0,African-American,434847708.0,22,Intake,English,Post Sentence,Residential Program,Widowed,1358274709.0,1,8,Medium
PRETRIAL,1,African-American,454846658.0,17,Intake,English,Post Sentence,Jail Inmate,Divorced,1357443003.0,1,8,Medium
PRETRIAL,1,African-American,-871507840.0,17,Intake,English,Pretrial,Jail Inmate,Single,1358429584.0,1,8,Low
PRETRIAL,0,Hispanic,324917051.0,17,Intake,English,Pretrial,Probation,Single,1357493229.0,1,8,Medium
Probation,0,African-American,306108830.0,17,Intake,English,Pretrial,Probation,Single,1358523538.0,3,8,Medium
Probation,1,Hispanic,425108652.0,17,Intake,English,Post Sentence,Jail Inmate,Single,1357395520.0,4,8,Medium
PRETRIAL,1,Hispanic,-260948862.0,17,Intake,English,Pretrial,Jail Inmate,Divorced,1358459022.0,2,8,Medium
PRETRIAL,0,Hispanic,-666330777.0,17,Intake,English,Post Sentence,Probation,Divorced,1358396199.0,4,8,Low
PRETRIAL,0,Hispanic,460713024.0,17,Intake,English,Pretrial,Residential Program,Divorced,1357388028.0,3,8,Medium
PRETRIAL,1,Oriental,396370346.0,17,Intake,English,Pretrial,Jail Inmate,Widowed,1358314331.0,1,8,Medium
PRETRIAL,0,Oriental,67803151.0,17,Intake,English,Post Sentence,Jail Inmate,Single,1358852126.0,1,8,Medium
PRETRIAL,0,Hispanic,-897350114.0,17,Intake,English,Post Sentence,Jail Inmate,Widowed,1359454520.0,4,8,Low
PRETRIAL,1,Hispanic,385598619.0,17,Intake,English,Post Sentence,Probation,Single,1357468796.0,1,8,Medium
PRETRIAL,0,Caucasian,-681732080.0,17,Intake,English,Post Sentence,Probation,Divorced,1357407534.0,2,8,Medium
PRETRIAL,1,African-American,-860899740.0,17,Intake,English,Post Sentence,Jail Inmate,Single,1358412180.0,1,8,Low
PRETRIAL,1,Hispanic,-715091602.0,17,Intake,English,Post Sentence,Jail Inmate,Single,1357427948.0,1,8,Medium
Probation,0,Oriental,446915312.0,22,Intake,English,Pretrial,Jail Inmate,Divorced,1358625893.0,1,8,Medium
PRETRIAL,1,Hispanic,-723916340.0,17,Intake,English,Post Sentence,Jail Inmate,Widowed,1358466421.0,2,8,Medium
PRETRIAL,1,African-American,-1249718960.0,17,Intake,English,Pretrial,Jail Inmate,Widowed,1358495027.0,3,8,Low
PRETRIAL,1,African-American,38734558.0,17,Intake,English,Post Sentence,Jail Inmate,Single,1358443864.0,4,8,Medium
Probation,1,Hispanic,686375575.0,22,Intake,English,Post Sentence,Jail Inmate,Single,1358445955.0,1,8,Medium
PRETRIAL,1,Hispanic,461776085.0,17,Intake,English,Post Sentence,Jail Inmate,Divorced,1357498279.0,1,8,Medium
PRETRIAL,1,Oriental,19261310.0,17,Intake,English,Post Sentence,Jail Inmate,Divorced,1357398042.0,1,8,Medium
Probation,0,Hispanic,387073944.0,17,Intake,English,Post Sentence,Jail Inmate,Widowed,1358349243.0,1,8,Medium
PRETRIAL,1,Hispanic,389250207.0,17,Intake,English,Post Sentence,Probation,Widowed,1357473401.0,1,8,Medium
PRETRIAL,0,African-American,-277413430.0,17,Intake,English,Pretrial,Jail Inmate,Divorced,1358607589.0,1,8,Medium
PRETRIAL,1,Caucasian,54843543.0,17,Intake,English,Post Sentence,Probation,Single,1358470447.0,4,8,Medium
PRETRIAL,0,African-American,302803611.0,22,Intake,English,Post Sentence,Residential Program,Divorced,1357393700.0,1,8,Medium
PRETRIAL,1,Hispanic,477828818.0,17,Intake,English,Post Sentence,Jail Inmate,Single,1359461546.0,2,8,Low
PRETRIAL,1,African-American,-952263605.0,17,Intake,English,Pretrial,Jail Inmate,Single,1358492202.0,4,8,Medium
PRETRIAL,1,Hispanic,464991778.0,17,Intake,English,Post Sentence,Residential Program,Single,1359449288.0,1,8,Medium
PRETRIAL,0,Hispanic,-715619258.0,17,Intake,English,Post Sentence,Jail Inmate,Divorced,1359423939.0,1,8,Medium
PRETRIAL,0,African-American,282335035.0,17,Intake,English,Post Sentence,Probation,Widowed,1357493196.0,4,8,Low
PRETRIAL,0,Hispanic,405305637.0,17,Intake,English,Post Sentence,Probation,Widowed,1358321557.0,1,8,Medium
PRETRIAL,0,Caucasian,-194594881.0,17,Intake,English,Post Sentence,Residential Program,Single,1357425810.0,1,8,Low
Probation,1,Hispanic,-880939919.0,22,Intake,English,Post Sentence,Jail Inmate,Single,1357451179.0,4,8,Medium
PRETRIAL,0,African-American,-770782963.0,17,Intake,English,Post Sentence,Residential Program,Single,1358477221.0,1,8,Medium
PRETRIAL,0,Hispanic,-948838404.0,17,Intake,English,Pretrial,Jail Inmate,Single,1358405082.0,1,8,Medium
PRETRIAL,1,Oriental,327625368.0,17,Intake,English,Post Sentence,Probation,Single,1358253166.0,3,8,Low
PRETRIAL,1,African-American,444057693.0,17,Intake,English,Post Sentence,Jail Inmate,Divorced,1358442765.0,2,8,Medium
PRETRIAL,0,African-American,412759824.0,17,Intake,English,Post Sentence,Residential Program,Single,1357492173.0,1,8,Low
PRETRIAL,0,Hispanic,-872745546.0,17,Intake,English,Post Sentence,Jail Inmate,Widowed,1358336423.0,1,8,Medium
PRETRIAL,1,Hispanic,-6493352.0,17,Intake,English,Post Sentence,Jail Inmate,Single,1359457760.0,4,8,Medium
PRETRIAL,1,Caucasian,-960672729.0,17,Intake,English,Post Sentence,Residential Program,Divorced,1358455133.0,1,8,Medium
PRETRIAL,1,Hispanic,-237081855.0,22,Intake,English,Post Sentence,Jail Inmate,Single,1358438743.0,1,8,Medium
PRETRIAL,1,African-American,-892413435.0,17,Intake,English,Post Sentence,Jail Inmate,Single,1358593330.0,2,8,Low
Probation,0,Caucasian,331488544.0,17,Intake,English,Pretrial,Probation,Single,1358282419.0,1,8,Medium
PRETRIAL,0,African-American,-865054402.0,17,Intake,English,Post Sentence,Residential Program,Single,1358362919.0,4,8,Low
PRETRIAL,1,African-American,473699149.0,17,Intake,English,Post Sentence,Jail Inmate,Single,1358410866.0,1,8,Medium
Probation,0,African-American,367708378.0,17,Intake,English,Post Sentence,Jail Inmate,Widowed,1359497103.0,1,8,Medium
PRETRIAL,1,Caucasian,-958258365.0,17,Intake,English,Post Sentence,Residential Program,Single,1357490312.0,2,8,Medium
PRETRIAL,0,Oriental,-1194527032.0,17,Intake,English,Post Sentence,Jail Inmate,Single,1359388482.0,1,8,Medium
PRETRIAL,0,African-American,758400628.0,17,Intake,English,Post Sentence,Residential Program,Single,1357430388.0,4,8,Low
Probation,1,Caucasian,-895054983.0,17,Intake,English,Post Sentence,Jail Inmate,Single,1357467453.0,1,8,Low
PRETRIAL,1,Hispanic,-889181854.0,17,Intake,English,Pretrial,Jail Inmate,Widowed,1359435053.0,4,8,Medium
PRETRIAL,1,Oriental,-869566989.0,17,Intake,English,Post Sentence,Jail Inmate,Divorced,1359442475.0,1,8,Low
PRETRIAL,1,African-American,442961084.0,17,Intake,English,Post Sentence,Jail Inmate,Single,1357475319.0,3,8,Low
PRETRIAL,0,Oriental,312331819.0,22,Intake,English,Post Sentence,Residential Program,Divorced,1357462561.0,3,8,Low
Probation,0,African-American,-288886110.0,17,Intake,English,Post Sentence,Residential Program,Widowed,1358621779.0,2,8,Low
PRETRIAL,0,Caucasian,-13764793.0,17,Intake,English,Post Sentence,Jail Inmate,Single,1357394847.0,3,8,Low
PRETRIAL,1,Caucasian,-902086396.0,17,Intake,English,Pretrial,Jail Inmate,Divorced,1357489944.0,1,8,Medium
PRETRIAL,0,African-American,-34265281.0,17,Intake,English,Post Sentence,Probation,Divorced,1357490498.0,1,8,Medium
PRETRIAL,0,Asian,-843979583.0,22,Intake,English,Post Sentence,Residential Program,Single,1357453761.0,1,8,Medium
PRETRIAL,1,Caucasian,-928230666.0,17,Intake,English,Post Sentence,Probation,Single,1359496532.0,4,8,Medium
PRETRIAL,1,Hispanic,355319487.0,17,Intake,English,Post Sentence,Jail Inmate,Widowed,1358282856.0,1,8,Medium
Probation,0,Oriental,-888548976.0,17,Intake,English,Pretrial,Residential Program,Divorced,1357484710.0,1,8,Low
Probation,0,Hispanic,411853333.0,17,Intake,English,Post Sentence,Residential Program,Divorced,1357471141.0,1,8,Medium
PRETRIAL,1,Hispanic,-795598435.0,17,Intake,English,Post Sentence,Residential Program,Divorced,1357450622.0,1,8,Medium
Probation,0,Hispanic,-340071204.0,17,Intake,English,Pretrial,Jail Inmate,Single,1357385594.0,1,8,Medium
PRETRIAL,0,Asian,393882763.0,17,Intake,English,Post Sentence,Jail Inmate,Divorced,1358756095.0,1,8,Low
Probation,1,African-American,-655315504.0,17,Intake,English,Post Sentence,Residential Program,Widowed,1358377854.0,4,8,Medium
Probation,0,Caucasian,406832455.0,22,Intake,English,Pretrial,Probation,Divorced,1358282590.0,1,8,Low
PRETRIAL,0,Hispanic,417679084.0,17,Intake,English,Post Sentence,Residential Program,Single,1358471988.0,1,8,Low
PRETRIAL,1,African-American,433516302.0,17,Intake,English,Post Sentence,Jail Inmate,Single,1357422676.0,4,8,Medium
Probation,1,African-American,407231873.0,17,Intake,English,Post Sentence,Probation,Widowed,1359475868.0,1,8,Low
PRETRIAL,1,Hispanic,-913324565.0,17,Intake,English,Post Sentence,Probation,Divorced,1358454860.0,1,8,Medium
Probation,0,African-American,-10481576.0,17,Intake,English,Post Sentence,Jail Inmate,Single,1357423007.0,3,8,Medium
PRETRIAL,1,Hispanic,278925375.0,17,Intake,English,Post Sentence,Jail Inmate,Single,1358486745.0,4,8,Low
PRETRIAL,0,African-American,292458320.0,17,Intake,English,Post Sentence,Residential Program,Single,1357379053.0,4,8,Medium
PRETRIAL,1,African-American,430895450.0,22,Intake,English,Probation Violator,Residential Program,Single,1357432534.0,1,8,Medium
PRETRIAL,1,African-American,-955284657.0,17,Intake,English,Pretrial,Residential Program,Divorced,1357478204.0,1,8,Medium
Probation,1,Oriental,-921042171.0,17,Intake,English,Pretrial,Residential Program,Single,1359394607.0,1,8,Medium
PRETRIAL,0,African-American,410850163.0,17,Intake,English,Post Sentence,Jail Inmate,Widowed,1357463250.0,1,8,Medium
PRETRIAL,1,African-American,419732732.0,22,Intake,English,Post Sentence,Residential Program,Divorced,1358417586.0,4,8,Medium
PRETRIAL,1,Hispanic,-952344016.0,17,Intake,English,Post Sentence,Jail Inmate,Single,1357377284.0,1,8,Low
PRETRIAL,1,African-American,58450501.0,17,Intake,English,Post Sentence,Probation,Widowed,1357433588.0,1,8,Low
PRETRIAL,0,Hispanic,322796590.0,17,Intake,English,Post Sentence,Probation,Divorced,1357439598.0,1,8,Low
PRETRIAL,0,Hispanic,-875941537.0,17,Intake,English,Post Sentence,Jail Inmate,Divorced,1357379450.0,1,8,Medium
PRETRIAL,1,Hispanic,-655901275.0,17,Intake,English,Post Sentence,Jail Inmate,Divorced,1358447378.0,2,8,Low
PRETRIAL,1,Oriental,229485.0,17,Intake,English,Post Sentence,Jail Inmate,Widowed,1359422247.0,2,8,Low
PRETRIAL,0,Hispanic,-707129349.0,17,Intake,English,Post Sentence,Residential Program,Single,1357374803.0,4,8,Medium
PRETRIAL,1,African-American,346042569.0,17,Intake,English,Post Sentence,Residential Program,Single,1358400380.0,1,8,Medium
Probation,0,Hispanic,-1227769285.0,17,Intake,English,Post Sentence,Jail Inmate,Single,1359392602.0,1,8,Low
Probation,1,Hispanic,-725387205.0,17,Intake,English,Post Sentence,Residential Program,Divorced,1359446449.0,1,8,Medium
Probation,1,Hispanic,-886874333.0,17,Intake,English,Post Sentence,Residential Program,Divorced,1357379642.0,1,8,Low
Probation,1,African-American,56981309.0,17,Intake,English,Post Sentence,Jail Inmate,Single,1359494996.0,4,8,Medium
PRETRIAL,0,Hispanic,471767060.0,17,Intake,English,Post Sentence,Residential Program,Single,1357480109.0,1,8,Medium
PRETRIAL,1,Hispanic,-898004111.0,17,Intake,English,Post Sentence,Residential Program,Single,1357492667.0,1,8,Medium
PRETRIAL,0,Hispanic,-923885986.0,17,Intake,English,Post Sentence,Jail Inmate,Divorced,1358541198.0,1,8,Low
PRETRIAL,1,Hispanic,374376350.0,17,Intake,English,Pretrial,Residential Program,Single,1357487652.0,2,8,Low
PRETRIAL,1,Caucasian,339786011.0,17,Intake,English,Post Sentence,Probation,Single,1357497555.0,1,8,Low
PRETRIAL,1,Hispanic,-28398148.0,22,Intake,English,Post Sentence,Jail Inmate,Divorced,1358597566.0,1,8,Medium
PRETRIAL,1,Hispanic,385722532.0,17,Intake,English,Post Sentence,Jail Inmate,Divorced,1358410942.0,1,8,Low
PRETRIAL,0,Oriental,-267046680.0,17,Intake,English,Post Sentence,Residential Program,Widowed,1358335249.0,1,8,Medium
PRETRIAL,1,Hispanic,-956284886.0,22,Intake,English,Pretrial,Jail Inmate,Single,1358325825.0,1,8,Medium
PRETRIAL,0,Hispanic,274761807.0,17,Intake,English,Post Sentence,Residential Program,Divorced,1358427119.0,1,8,Medium
PRETRIAL,0,Hispanic,5397845.0,17,Intake,English,Pretrial,Jail Inmate,Divorced,1359417068.0,1,8,Low
PRETRIAL,0,African-American,18298638.0,17,Intake,English,Post Sentence,Jail Inmate,Single,1358258698.0,1,8,Medium
PRETRIAL,0,Caucasian,-92006812.0,17,Intake,English,Post Sentence,Probation,Single,1358266908.0,1,8,Low
PRETRIAL,0,African-American,427347465.0,22,Intake,English,Pretrial,Probation,Single,1357391022.0,3,8,Low
PRETRIAL,0,African-American,-902316887.0,17,Intake,English,Post Sentence,Probation,Single,1357434486.0,4,8,Medium
PRETRIAL,0,Asian,-892588014.0,22,Intake,English,Pretrial,Jail Inmate,Widowed,1359459136.0,4,8,Low
PRETRIAL,1,African-American,-918994779.0,17,Intake,English,Post Sentence,Jail Inmate,Widowed,1357469962.0,1,8,Medium
Probation,0,Hispanic,-924632020.0,17,Intake,English,Pretrial,Residential Program,Widowed,1358382332.0,2,8,Low
PRETRIAL,1,Hispanic,66673644.0,17,Intake,English,Post Sentence,Jail Inmate,Widowed,1358604961.0,1,8,Medium
PRETRIAL,1,African-American,-8295946.0,17,Intake,English,Pretrial,Jail Inmate,Single,1357379686.0,1,8,Medium
PRETRIAL,1,African-American,-882510466.0,17,Intake,English,Post Sentence,Residential Program,Divorced,1358446004.0,1,8,Low
PRETRIAL,1,African-American,-299881807.0,17,Intake,English,Post Sentence,Residential Program,Widowed,1358344427.0,1,8,Low
PRETRIAL,1,Hispanic,-616508122.0,17,Intake,English,Post Sentence,Residential Program,Single,1357453319.0,1,8,Medium
PRETRIAL,0,African-American,-749916560.0,17,Intake,English,Post Sentence,Probation,Divorced,1358871296.0,1,8,Medium
PRETRIAL,1,African-American,465985218.0,17,Intake,English,Post Sentence,Residential Program,Widowed,1358294384.0,1,8,Medium
PRETRIAL,1,Oriental,-684158810.0,17,Intake,English,Post Sentence,Jail Inmate,Single,1358324599.0,1,8,Medium
PRETRIAL,1,Hispanic,367003502.0,17,Intake,English,Probation Violator,Jail Inmate,Single,1358386853.0,4,8,Medium
PRETRIAL,1,African-American,-916050401.0,17,Intake,English,Post Sentence,Probation,Divorced,1358321331.0,1,8,Low
PRETRIAL,0,Hispanic,-274563666.0,17,Intake,English,Post Sentence,Jail Inmate,Single,1358353090.0,1,8,Medium
PRETRIAL,1,Oriental,389250866.0,17,Intake,English,Probation Violator,Jail Inmate,Divorced,1358401737.0,1,8,Medium
PRETRIAL,0,Caucasian,-921579607.0,17,Intake,English,Post Sentence,Residential Program,Single,1357406934.0,1,8,Low
PRETRIAL,0,African-American,-735142590.0,17,Intake,English,Post Sentence,Jail Inmate,Divorced,1358589507.0,1,8,Medium
PRETRIAL,1,African-American,-30843740.0,17,Intake,English,Post Sentence,Jail Inmate,Single,1358533566.0,1,8,Medium
PRETRIAL,0,Asian,-864904080.0,17,Intake,English,Pretrial,Residential Program,Divorced,1358534238.0,2,8,Medium
PRETRIAL,1,Hispanic,296199627.0,17,Intake,English,Post Sentence,Jail Inmate,Single,1358618961.0,1,8,Medium
PRETRIAL,0,African-American,-947505627.0,17,Intake,English,Post Sentence,Jail Inmate,Widowed,1358501577.0,3,8,Medium
PRETRIAL,1,Hispanic,397397575.0,17,Intake,English,Post Sentence,Probation,Divorced,1358771763.0,2,8,Medium
PRETRIAL,1,African-American,-717542511.0,17,Intake,English,Post Sentence,Residential Program,Divorced,1357487012.0,4,8,Medium
PRETRIAL,0,Caucasian,-906283854.0,17,Intake,English,Post Sentence,Jail Inmate,Single,1359447966.0,1,8,Medium
PRETRIAL,1,Hispanic,-946992476.0,17,Intake,English,Pretrial,Residential Program,Widowed,1358256036.0,1,8,Medium
PRETRIAL,0,African-American,-654617290.0,17,Intake,English,Post Sentence,Residential Program,Single,1358449832.0,2,8,Medium
PRETRIAL,0,Hispanic,375244884.0,17,Intake,English,Post Sentence,Jail Inmate,Single,1357454613.0,1,8,Medium
PRETRIAL,0,Oriental,-947294640.0,17,Intake,English,Pretrial,Jail Inmate,Single,1357378474.0,1,8,Medium
PRETRIAL,1,African-American,-920760061.0,17,Intake,English,Post Sentence,Residential Program,Widowed,1357469164.0,1,8,Medium
PRETRIAL,0,Hispanic,447061066.0,17,Intake,English,Post Sentence,Jail Inmate,Divorced,1357476694.0,1,8,Low
PRETRIAL,0,Hispanic,364390887.0,17,Intake,English,Post Sentence,Jail Inmate,Widowed,1358510735.0,4,8,Low
PRETRIAL,0,African-American,-911537636.0,17,Intake,English,Post Sentence,Jail Inmate,Single,1358582992.0,1,8,Low
PRETRIAL,1,African-American,-868089682.0,17,Intake,English,Post Sentence,Jail Inmate,Widowed,1358308396.0,1,8,Medium
Probation,0,African-American,410225670.0,17,Intake,English,Post Sentence,Jail Inmate,Separated,1358406387.0,3,8,Low
PRETRIAL,1,Hispanic,-911224898.0,17,Intake,English,Post Sentence,Jail Inmate,Single,1357431702.0,1,8,Medium
PRETRIAL,0,Oriental,-911203702.0,17,Intake,English,Post Sentence,Residential Program,Divorced,1359398688.0,4,8,Low
PRETRIAL,1,Hispanic,755179786.0,17,Intake,English,Post Sentence,Jail Inmate,Widowed,1358418282.0,1,8,Medium
PRETRIAL,0,Hispanic,-941772534.0,17,Intake,English,Post Sentence,Probation,Divorced,1357456324.0,4,8,Medium
PRETRIAL,0,Caucasian,-899752932.0,17,Intake,English,Pretrial,Jail Inmate,Single,1359438414.0,4,8,Medium
PRETRIAL,1,Hispanic,-733953335.0,17,Intake,English,Post Sentence,Jail Inmate,Single,1358446126.0,4,8,Medium
PRETRIAL,1,African-American,-721438811.0,17,Intake,English,Post Sentence,Jail Inmate,Divorced,1358319283.0,1,8,Medium
PRETRIAL,0,Hispanic,476185383.0,17,Intake,English,Pretrial,Residential Program,Single,1357477044.0,1,8,Medium
PRETRIAL,1,Hispanic,-869948473.0,17,Intake,English,Pretrial,Residential Program,Single,1357417259.0,1,8,Medium
Probation,0,Oriental,-878283744.0,17,Intake,English,Post Sentence,Residential Program,Single,1357476088.0,1,8,Low
PRETRIAL,1,African-American,-958931894.0,22,Intake,English,Post Sentence,Probation,Single,1358261221.0,4,8,Low
Probation,1,African-American,392286219.0,17,Intake,English,Post Sentence,Jail Inmate,Single,1357427826.0,1,8,Low
PRETRIAL,0,African-American,-730026414.0,17,Intake,English,Post Sentence,Jail Inmate,Single,1357418379.0,1,8,Medium
PRETRIAL,0,Oriental,-881782307.0,17,Intake,English,Post Sentence,Probation,Single,1357430814.0,3,8,Medium
Probation,1,Hispanic,51616124.0,17,Intake,English,Post Sentence,Probation,Divorced,1357478662.0,1,8,Low
PRETRIAL,0,African-American,-181202128.0,17,Intake,English,Post Sentence,Residential Program,Single,1358565953.0,1,8,Medium
PRETRIAL,0,Hispanic,-888586873.0,17,Intake,English,Post Sentence,Probation,Divorced,1358500162.0,1,8,Medium
PRETRIAL,1,Caucasian,47980909.0,17,Intake,English,Post Sentence,Jail Inmate,Widowed,1357482164.0,1,8,Low
Probation,0,African-American,-955748746.0,17,Intake,English,Pretrial,Residential Program,Single,1357389129.0,1,8,Medium
PRETRIAL,1,African-American,-953864671.0,17,Intake,English,Post Sentence,Jail Inmate,Divorced,1358792020.0,2,8,Medium
PRETRIAL,1,Oriental,-254781677.0,17,Intake,English,Pretrial,Probation,Divorced,1358379327.0,1,8,Medium
PRETRIAL,0,African-American,-958525117.0,22,Intake,English,Post Sentence,Residential Program,Divorced,1358468405.0,1,8,Low
PRETRIAL,0,Oriental,-939392263.0,17,Intake,English,Post Sentence,Residential Program,Single,1358253605.0,1,8,Medium
PRETRIAL,1,African-American,381184686.0,22,Intake,English,Post Sentence,Probation,Widowed,1358612750.0,1,8,Low
PRETRIAL,1,Caucasian,-961011663.0,17,Intake,English,Post Sentence,Residential Program,Divorced,1358400702.0,1,8,Medium
PRETRIAL,1,African-American,-875621443.0,17,Intake,English,Post Sentence,Jail Inmate,Divorced,1357426085.0,1,8,Low
PRETRIAL,1,African-American,-928520637.0,17,Intake,English,Post Sentence,Jail Inmate,Divorced,1357382012.0,4,8,Medium
Probation,0,Hispanic,-946028419.0,17,Intake,English,Post Sentence,Probation,Single,1357413234.0,1,8,Medium
PRETRIAL,0,African-American,-947251622.0,17,Intake,English,Post Sentence,Residential Program,Widowed,1359427518.0,4,8,Medium
PRETRIAL,1,Hispanic,444603875.0,17,Intake,English,Pretrial,Residential Program,Widowed,1357380783.0,2,8,Medium
Probation,0,Hispanic,-862777550.0,17,Intake,English,Post Sentence,Residential Program,Divorced,1358472639.0,4,8,Low
PRETRIAL,1,African-American,-910549047.0,17,Intake,English,Post Sentence,Residential Program,Single,1359467838.0,4,8,Medium
Probation,1,Oriental,-148419168.0,17,Intake,English,Post Sentence,Jail Inmate,Single,1357419076.0,4,8,Medium
PRETRIAL,1,Hispanic,-910813985.0,17,Intake,English,Post Sentence,Residential Program,Single,1357478873.0,1,8,Medium
PRETRIAL,0,African-American,-903452054.0,22,Intake,English,Pretrial,Jail Inmate,Widowed,1358386179.0,4,8,Low
Probation,0,Hispanic,446921118.0,17,Intake,English,Post Sentence,Jail Inmate,Single,1357381006.0,1,8,Low
PRETRIAL,0,Hispanic,-879624193.0,17,Intake,English,Post Sentence,Probation,Divorced,1359423192.0,1,8,Medium
PRETRIAL,1,African-American,42910170.0,17,Intake,English,Pretrial,Probation,Divorced,1357487223.0,3,8,Medium
PRETRIAL,1,Asian,-242247572.0,17,Intake,English,Post Sentence,Residential Program,Widowed,1357469010.0,1,8,Medium
PRETRIAL,1,Asian,-885615701.0,17,Intake,English,Post Sentence,Residential Program,Divorced,1357458468.0,4,8,Low
PRETRIAL,1,Hispanic,367288938.0,17,Intake,English,Post Sentence,Jail Inmate,Divorced,1358446980.0,3,8,Medium
PRETRIAL,1,Hispanic,398235824.0,17,Intake,English,Post Sentence,Probation,Single,1359479416.0,1,8,Medium
PRETRIAL,1,African-American,-907414768.0,17,Intake,English,Post Sentence,Probation,Divorced,1358428124.0,3,8,Medium
Probation,0,Hispanic,335636983.0,17,Intake,English,Post Sentence,Residential Program,Widowed,1358380325.0,4,8,Medium
PRETRIAL,0,African-American,359036675.0,17,Intake,English,Post Sentence,Probation,Single,1358351725.0,1,8,Medium
Probation,0,Hispanic,426687437.0,17,Intake,English,Post Sentence,Jail Inmate,Single,1358400345.0,4,8,Medium
PRETRIAL,1,Caucasian,-881074013.0,17,Intake,English,Pretrial,Residential Program,Divorced,1357422806.0,1,8,Medium
PRETRIAL,1,Hispanic,-922546654.0,17,Intake,English,Post Sentence,Jail Inmate,Divorced,1358421281.0,3,8,Medium
PRETRIAL,0,Hispanic,334377175.0,17,Intake,English,Post Sentence,Jail Inmate,Single,1358391935.0,1,8,Low
PRETRIAL,0,Caucasian,-1183997714.0,17,Intake,English,Post Sentence,Jail Inmate,Divorced,1358420426.0,1,8,Medium
PRETRIAL,0,Hispanic,356188806.0,17,Intake,English,Post Sentence,Residential Program,Single,1359400905.0,3,8,Medium
Probation,0,Hispanic,444696707.0,22,Intake,English,Post Sentence,Jail Inmate,Single,1358453654.0,1,8,Low
PRETRIAL,1,Hispanic,-756471997.0,22,Intake,English,Post Sentence,Jail Inmate,Single,1358458342.0,1,8,Medium
Probation,1,Caucasian,-737745820.0,17,Intake,English,Post Sentence,Residential Program,Separated,1359380430.0,1,8,Medium
Probation,1,Hispanic,-910357580.0,17,Intake,English,Post Sentence,Probation,Single,1358433667.0,2,8,Medium
PRETRIAL,1,African-American,-1245500841.0,22,Intake,English,Post Sentence,Jail Inmate,Single,1357443652.0,1,8,Medium
PRETRIAL,0,Hispanic,-955824823.0,17,Intake,English,Post Sentence,Residential Program,Divorced,1358610962.0,1,8,Medium
PRETRIAL,1,African-American,465604413.0,17,Intake,English,Post Sentence,Residential Program,Divorced,1359440863.0,1,8,Medium
PRETRIAL,1,Hispanic,474163698.0,17,Intake,English,Post Sentence,Jail Inmate,Single,1357384319.0,1,8,Low
PRETRIAL,0,African-American,-931384203.0,17,Intake,English,Post Sentence,Jail Inmate,Single,1358508240.0,1,8,Medium
PRETRIAL,1,African-American,419047643.0,17,Intake,English,Post Sentence,Probation,Divorced,1359486725.0,1,8,Low
PRETRIAL,0,Caucasian,-879116435.0,17,Intake,English,Post Sentence,Jail Inmate,Single,1358600823.0,1,8,Medium
PRETRIAL,1,Caucasian,-956171269.0,17,Intake,English,Post Sentence,Probation,Divorced,1358358746.0,1,8,Medium
PRETRIAL,1,African-American,-896536460.0,17,Intake,English,Post Sentence,Jail Inmate,Single,1358409334.0,1,8,Low
PRETRIAL,0,African-American,390117528.0,17,Intake,English,Post Sentence,Probation,Single,1357455421.0,1,8,Medium
PRETRIAL,1,African-American,715715647.0,17,Intake,English,Pretrial,Probation,Widowed,1358388472.0,4,8,Medium
PRETRIAL,1,African-American,-877065515.0,17,Intake,English,Pretrial,Residential Program,Divorced,1358480033.0,3,8,Medium
PRETRIAL,0,African-American,279674582.0,17,Intake,English,Post Sentence,Jail Inmate,Divorced,1358418275.0,1,8,Medium
PRETRIAL,0,Caucasian,-958883920.0,17,Intake,English,Pretrial,Probation,Single,1358370861.0,1,8,Low
PRETRIAL,1,Hispanic,-919527730.0,17,Intake,English,Pretrial,Jail Inmate,Divorced,1357433295.0,1,8,Medium
Probation,1,Caucasian,-911906018.0,17,Intake,English,Pretrial,Probation,Single,1358255343.0,1,8,Medium
Probation,1,Hispanic,-49265731.0,17,Intake,English,Post Sentence,Jail Inmate,Divorced,1358490367.0,4,8,Medium
PRETRIAL,1,African-American,-888684034.0,22,Intake,English,Pretrial,Residential Program,Single,1358454847.0,1,8,Medium
PRETRIAL,1,African-American,446403055.0,17,Intake,English,Post Sentence,Jail Inmate,Single,1357410206.0,1,8,Medium
PRETRIAL,0,African-American,-328718656.0,17,Intake,English,Post Sentence,Jail Inmate,Divorced,1358381091.0,1,8,Medium
PRETRIAL,1,Hispanic,-860911648.0,17,Intake,English,Pretrial,Residential Program,Single,1357421431.0,1,8,Low
Probation,0,Hispanic,7183845.0,17,Intake,English,Post Sentence,Residential Program,Single,1358521411.0,1,8,Medium
PRETRIAL,1,Asian,440037664.0,17,Intake,English,Post Sentence,Probation,Divorced,1358445169.0,1,8,Low
PRETRIAL,1,African-American,-922740985.0,17,Intake,English,Post Sentence,Residential Program,Single,1357392642.0,3,8,Medium
PRETRIAL,0,African-American,278799305.0,17,Intake,English,Post Sentence,Jail Inmate,Widowed,1358398356.0,4,8,Medium
PRETRIAL,1,Hispanic,-707974040.0,17,Intake,English,Pretrial,Jail Inmate,Single,1357489607.0,1,8,Low
PRETRIAL,0,Asian,392595444.0,17,Intake,English,Post Sentence,Residential Program,Single,1359458914.0,1,8,Low
PRETRIAL,0,Hispanic,380343162.0,17,Intake,English,Post Sentence,Residential Program,Single,1357404631.0,3,8,Medium
PRETRIAL,0,Oriental,-898966718.0,17,Intake,English,Post Sentence,Jail Inmate,Widowed,1357484348.0,2,8,Low
PRETRIAL,0,African-American,-1206806749.0,17,Intake,English,Pretrial,Jail Inmate,Widowed,1358454744.0,3,8,Medium
PRETRIAL,0,African-American,284802695.0,17,Intake,English,Post Sentence,Residential Program,Single,1357492705.0,4,8,Medium
PRETRIAL,0,Hispanic,-906000223.0,17,Intake,English,Post Sentence,Jail Inmate,Widowed,1358436980.0,1,8,Low
PRETRIAL,1,Hispanic,-926864332.0,17,Intake,English,Post Sentence,Jail Inmate,Single,1358487716.0,1,8,Medium
PRETRIAL,0,Hispanic,416506648.0,17,Intake,English,Post Sentence,Probation,Single,1359463715.0,3,8,Medium
PRETRIAL,0,Hispanic,766138797.0,17,Intake,English,Post Sentence,Jail Inmate,Widowed,1359384253.0,1,8,Medium
PRETRIAL,0,Oriental,-912061748.0,17,Intake,English,Post Sentence,Jail Inmate,Divorced,1357404344.0,1,8,Medium
PRETRIAL,0,Asian,-871775606.0,22,Intake,English,Post Sentence,Probation,Widowed,1357409516.0,1,8,Medium
Probation,0,Hispanic,-899716955.0,17,Intake,English,Post Sentence,Jail Inmate,Widowed,1359400020.0,1,8,Medium
PRETRIAL,1,African-American,-708355388.0,17,Intake,English,Pretrial,Residential Program,Divorced,1358281040.0,4,8,Medium
PRETRIAL,0,Caucasian,442154391.0,17,Intake,English,Pretrial,Jail Inmate,Single,1358279518.0,1,8,Medium
PRETRIAL,1,Hispanic,308768125.0,17,Intake,English,Pretrial,Residential Program,Divorced,1359488759.0,1,8,Low
PRETRIAL,1,African-American,389808700.0,17,Intake,English,Post Sentence,Residential Program,Single,1357432232.0,2,8,Medium
Probation,1,Oriental,-892255483.0,17,Intake,English,Post Sentence,Jail Inmate,Single,1358486289.0,1,8,Medium
Probation,1,Hispanic,338050623.0,22,Intake,English,Post Sentence,Residential Program,Widowed,1358393768.0,1,8,Medium
Probation,1,African-American,458255563.0,17,Intake,English,Post Sentence,Jail Inmate,Single,1358572533.0,4,8,Medium
PRETRIAL,0,Hispanic,-949488765.0,17,Intake,English,Pretrial,Jail Inmate,Single,1358252887.0,1,8,Medium
Probation,1,African-American,367907476.0,17,Intake,English,Post Sentence,Probation,Widowed,1359495268.0,1,8,Medium
PRETRIAL,1,Oriental,-777173677.0,17,Intake,English,Post Sentence,Jail Inmate,Divorced,1358377186.0,1,8,Medium
PRETRIAL,0,African-American,-868106094.0,17,Intake,English,Post Sentence,Probation,Divorced,1359427568.0,1,8,Medium
Probation,1,Oriental,466908066.0,17,Intake,English,Post Sentence,Residential Program,Widowed,1357474663.0,1,8,Medium
PRETRIAL,1,African-American,-892412438.0,17,Intake,English,Post Sentence,Jail Inmate,Single,1358627025.0,1,8,Medium
PRETRIAL,0,Hispanic,-879094454.0,17,Intake,English,Post Sentence,Jail Inmate,Widowed,1357376684.0,2,8,Low
PRETRIAL,0,African-American,-909105633.0,17,Intake,English,Post Sentence,Jail Inmate,Divorced,1358605001.0,1,8,Low
PRETRIAL,1,African-American,-675556102.0,17,Intake,English,Pretrial,Residential Program,Divorced,1359442624.0,2,8,Low
Probation,1,Hispanic,293441432.0,22,Intake,English,Post Sentence,Probation,Single,1358255983.0,1,8,Medium
PRETRIAL,1,Hispanic,457590677.0,22,Intake,English,Post Sentence,Jail Inmate,Single,1358473838.0,1,8,Medium
PRETRIAL,0,African-American,422809448.0,17,Intake,English,Post Sentence,Probation,Widowed,1359392739.0,1,8,Medium
PRETRIAL,1,Asian,454963248.0,17,Intake,English,Post Sentence,Probation,Single,1357450845.0,4,8,Medium
PRETRIAL,1,Asian,-709562888.0,17,Intake,English,Post Sentence,Probation,Widowed,1358473989.0,1,8,Medium
PRETRIAL,1,Hispanic,355312848.0,17,Intake,English,Pretrial,Residential Program,Single,1357458627.0,1,8,Low
PRETRIAL,1,Hispanic,-954823355.0,22,Intake,English,Post Sentence,Jail Inmate,Divorced,1357421831.0,1,8,Medium
PRETRIAL,1,Hispanic,-957986700.0,17,Intake,English,Post Sentence,Jail Inmate,Single,1357377553.0,1,8,Medium
PRETRIAL,1,Caucasian,-866312887.0,17,Intake,English,Pretrial,Probation,Single,1358431135.0,4,8,Low
PRETRIAL,0,Asian,324049663.0,17,Intake,English,Post Sentence,Probation,Single,1358490948.0,1,8,Medium
PRETRIAL,1,African-American,-869735854.0,17,Intake,English,Post Sentence,Jail Inmate,Single,1359420429.0,3,8,Medium
PRETRIAL,1,Hispanic,474352912.0,17,Intake,English,Post Sentence,Jail Inmate,Divorced,1359409784.0,1,8,Medium
Probation,0,Hispanic,445678375.0,17,Intake,English,Post Sentence,Residential Program,Single,1359395987.0,1,8,Medium
PRETRIAL,0,Caucasian,-903665939.0,17,Intake,English,Post Sentence,Probation,Divorced,1358440404.0,1,8,Medium
Probation,1,Hispanic,-940331133.0,17,Intake,English,Probation Violator,Probation,Single,1359445538.0,4,8,Medium
Probation,1,Hispanic,386630013.0,17,Intake,English,Post Sentence,Residential Program,Widowed,1357383391.0,1,8,Medium
PRETRIAL,1,African-American,-878152276.0,22,Intake,English,Post Sentence,Probation,Divorced,1357425324.0,4,8,Low
PRETRIAL,1,African-American,-871003238.0,17,Intake,English,Post Sentence,Jail Inmate,Divorced,1358459000.0,2,8,Medium
Probation,1,African-American,-882273920.0,17,Intake,English,Post Sentence,Probation,Single,1358497507.0,2,8,Low
Probation,0,Hispanic,448974915.0,17,Intake,English,Post Sentence,Jail Inmate,Divorced,1359432783.0,1,8,Medium
PRETRIAL,1,Caucasian,-1228431267.0,17,Intake,English,Pretrial,Jail Inmate,Divorced,1357428867.0,1,8,Low
PRETRIAL,1,Hispanic,-931125899.0,17,Intake,English,Post Sentence,Probation,Divorced,1359437744.0,1,8,Medium
PRETRIAL,1,Hispanic,-23492155.0,17,Intake,English,Post Sentence,Jail Inmate,Single,1358404672.0,3,8,Medium
PRETRIAL,1,Caucasian,-918692633.0,17,Intake,English,Post Sentence,Jail Inmate,Single,1359428185.0,4,8,Low
PRETRIAL,0,African-American,23142704.0,22,Intake,English,Post Sentence,Residential Program,Single,1358582599.0,1,8,Medium
PRETRIAL,0,Hispanic,-867488527.0,17,Intake,English,Pretrial,Residential Program,Widowed,1357423984.0,1,8,Medium
PRETRIAL,0,Hispanic,473422573.0,17,Intake,English,Post Sentence,Residential Program,Single,1358449315.0,3,8,Medium
PRETRIAL,1,Hispanic,316782530.0,17,Intake,English,Post Sentence,Jail Inmate,Single,1357478922.0,4,8,Medium
Probation,0,Hispanic,-952363528.0,17,Intake,English,Post Sentence,Residential Program,Divorced,1359503745.0,2,8,Medium
Probation,0,Oriental,456735880.0,17,Intake,English,Post Sentence,Probation,Single,1357485118.0,4,8,Medium
PRETRIAL,0,African-American,452661545.0,17,Intake,English,Post Sentence,Jail Inmate,Widowed,1358423059.0,1,8,Low
PRETRIAL,0,Hispanic,380161327.0,17,Intake,English,Post Sentence,Residential Program,Single,1358379202.0,1,8,Medium
PRETRIAL,0,Asian,319984900.0,17,Intake,English,Post Sentence,Residential Program,Single,1357450862.0,2,8,Low
Probation,1,Asian,-891854794.0,22,Intake,English,Post Sentence,Residential Program,Divorced,1358310652.0,1,8,Medium
PRETRIAL,1,African-American,-32076899.0,17,Intake,English,Pretrial,Residential Program,Single,1357403934.0,4,8,Low
PRETRIAL,0,African-American,-867859307.0,17,Intake,English,Post Sentence,Residential Program,Widowed,1358381529.0,1,8,Low
PRETRIAL,0,Oriental,476151999.0,17,Intake,English,Post Sentence,Jail Inmate,Divorced,1358542046.0,1,8,Medium
PRETRIAL,1,African-American,348407191.0,22,Intake,English,Post Sentence,Residential Program,Single,1358601742.0,1,8,Low
PRETRIAL,1,African-American,-27089079.0,22,Intake,English,Post Sentence,Probation,Single,1358371985.0,4,8,Medium
PRETRIAL,0,Hispanic,281199897.0,17,Intake,English,Pretrial,Residential Program,Single,1357387602.0,4,8,Low
PRETRIAL,1,African-American,-719477557.0,17,Intake,English,Pretrial,Residential Program,Divorced,1357484191.0,4,8,Low
PRETRIAL,0,Caucasian,-959559516.0,17,Intake,English,Post Sentence,Residential Program,Divorced,1358382583.0,1,8,Medium
PRETRIAL,1,Hispanic,412844806.0,17,Intake,English,Post Sentence,Jail Inmate,Single,1358465864.0,4,8,Medium
PRETRIAL,0,African-American,-961559955.0,17,Intake,English,Post Sentence,Residential Program,Single,1358505117.0,2,8,Low
PRETRIAL,0,Caucasian,-1171322473.0,17,Intake,English,Post Sentence,Residential Program,Single,1358429229.0,1,8,Medium
PRETRIAL,1,Hispanic,-775147247.0,17,Intake,English,Pretrial,Residential Program,Divorced,1357483263.0,1,8,Medium
Probation,1,Hispanic,384264244.0,17,Intake,English,Post Sentence,Residential Program,Widowed,1358551009.0,4,8,Medium
Probation,1,Oriental,366016783.0,17,Intake,English,Post Sentence,Probation,Widowed,1357490069.0,4,8,Medium
PRETRIAL,1,Hispanic,398428849.0,17,Intake,English,Pretrial,Residential Program,Single,1359468069.0,1,8,Low
PRETRIAL,0,Hispanic,-941484060.0,17,Intake,English,Post Sentence,Jail Inmate,Widowed,1358452172.0,1,8,Low
PRETRIAL,1,Oriental,446425244.0,17,Intake,English,Post Sentence,Probation,Single,1357394458.0,1,8,Medium
PRETRIAL,1,Caucasian,-865903522.0,17,Intake,English,Post Sentence,Residential Program,Single,1359421377.0,1,8,Medium
PRETRIAL,1,Asian,-743802885.0,17,Intake,English,Post Sentence,Jail Inmate,Single,1358427982.0,1,8,Medium
PRETRIAL,0,African-American,-755756467.0,17,Intake,English,Post Sentence,Residential Program,Divorced,1358450421.0,2,8,Low
PRETRIAL,0,African-American,-924549719.0,17,Intake,English,Pretrial,Probation,Divorced,1358501264.0,1,8,Medium
PRETRIAL,0,African-American,-960046660.0,17,Intake,English,Post Sentence,Jail Inmate,Single,1358412023.0,3,8,Medium
PRETRIAL,1,African-American,336279362.0,17,Intake,English,Post Sentence,Probation,Single,1358314286.0,1,8,Medium
PRETRIAL,1,Hispanic,-1183187884.0,17,Intake,English,Post Sentence,Residential Program,Single,1358493422.0,1,8,Medium
PRETRIAL,1,Hispanic,-943318168.0,17,Intake,English,Post Sentence,Residential Program,Divorced,1358545034.0,4,8,Medium
PRETRIAL,1,Hispanic,-1260140270.0,17,Intake,English,Post Sentence,Residential Program,Divorced,1357452992.0,4,8,Medium
Probation,1,Hispanic,412491556.0,17,Intake,English,Post Sentence,Jail Inmate,Divorced,1359474701.0,3,8,Low
PRETRIAL,1,African-American,63655711.0,17,Intake,English,Post Sentence,Probation,Divorced,1357453200.0,1,8,Medium
PRETRIAL,1,African-American,-949174626.0,17,Intake,English,Pretrial,Probation,Single,1357468630.0,2,8,Medium
PRETRIAL,0,Hispanic,476592699.0,17,Intake,English,Pretrial,Jail Inmate,Divorced,1358400996.0,1,8,Low
PRETRIAL,0,Asian,414324753.0,17,Intake,English,Post Sentence,Residential Program,Divorced,1358496415.0,3,8,Medium
PRETRIAL,0,African-American,425776194.0,17,Intake,English,Pretrial,Jail Inmate,Divorced,1357396402.0,2,8,Medium
PRETRIAL,1,Caucasian,407152011.0,17,Intake,English,Post Sentence,Probation,Single,1358449604.0,3,8,Medium
PRETRIAL,1,Hispanic,-1175155402.0,17,Intake,English,Post Sentence,Jail Inmate,Widowed,1358413568.0,4,8,Medium
Probation,1,Caucasian,63550232.0,17,Intake,English,Post Sentence,Jail Inmate,Divorced,1357453721.0,4,8,Low
PRETRIAL,0,African-American,-897058811.0,17,Intake,English,Post Sentence,Residential Program,Single,1357410710.0,4,8,Low
PRETRIAL,0,Oriental,-16217114.0,17,Intake,English,Post Sentence,Jail Inmate,Single,1358430502.0,1,8,Medium
PRETRIAL,1,Hispanic,-860268043.0,17,Intake,English,Post Sentence,Probation,Divorced,1357459709.0,3,8,Low
PRETRIAL,0,Asian,-952016323.0,17,Intake,English,Pretrial,Probation,Single,1357407949.0,4,8,Medium
PRETRIAL,1,African-American,-696643199.0,17,Intake,English,Pretrial,Probation,Single,1358467668.0,1,8,Medium
PRETRIAL,1,Hispanic,-328200413.0,17,Intake,English,Post Sentence,Residential Program,Divorced,1358419937.0,3,8,Medium
PRETRIAL,0,Hispanic,778633557.0,17,Intake,English,Pretrial,Jail Inmate,Widowed,1357390797.0,1,8,Medium
PRETRIAL,1,Oriental,-1174274208.0,17,Intake,English,Pretrial,Probation,Single,1358453293.0,1,8,Medium
PRETRIAL,0,African-American,-879698354.0,17,Intake,English,Post Sentence,Jail Inmate,Widowed,1357395006.0,1,8,Medium
PRETRIAL,1,African-American,409548779.0,17,Intake,English,Post Sentence,Residential Program,Divorced,1359432663.0,1,8,Low
PRETRIAL,1,Hispanic,298976103.0,17,Intake,English,Post Sentence,Jail Inmate,Widowed,1357424151.0,2,8,Medium
Probation,0,African-American,454782115.0,17,Intake,English,Post Sentence,Jail Inmate,Single,1358260742.0,1,8,Low
PRETRIAL,0,African-American,303945017.0,17,Intake,English,Post Sentence,Jail Inmate,Widowed,1357463285.0,4,8,Low
PRETRIAL,0,African-American,317209567.0,17,Intake,English,Post Sentence,Probation,Single,1357459534.0,1,8,Medium
PRETRIAL,1,Hispanic,-339550546.0,17,Intake,English,Post Sentence,Jail Inmate,Divorced,1357471682.0,1,8,Medium
PRETRIAL,1,Hispanic,-948960692.0,17,Intake,English,Post Sentence,Residential Program,Divorced,1357442507.0,1,8,Low
Probation,1,African-American,379115295.0,17,Intake,English,Pretrial,Jail Inmate,Divorced,1358571155.0,3,8,Medium
PRETRIAL,1,Caucasian,-27152701.0,17,Intake,English,Post Sentence,Jail Inmate,Single,1358397682.0,1,8,Medium
PRETRIAL,1,Hispanic,-955042680.0,17,Intake,English,Pretrial,Residential Program,Divorced,1359404711.0,4,8,Low
PRETRIAL,0,Hispanic,420300519.0,17,Intake,English,Post Sentence,Jail Inmate,Single,1357402835.0,2,8,Low
PRETRIAL,0,Hispanic,433752572.0,17,Intake,English,Post Sentence,Residential Program,Single,1358442290.0,2,8,Low
PRETRIAL,0,African-American,-886242892.0,17,Intake,English,Pretrial,Jail Inmate,Widowed,1358604362.0,1,8,Medium
PRETRIAL,1,Hispanic,-947925125.0,17,Intake,English,Post Sentence,Residential Program,Single,1357418962.0,1,8,Low
PRETRIAL,0,Hispanic,-919082298.0,17,Intake,English,Post Sentence,Residential Program,Divorced,1357484721.0,1,8,Low
PRETRIAL,0,Hispanic,339588940.0,22,Intake,English,Pretrial,Jail Inmate,Divorced,1358593951.0,4,8,Low
PRETRIAL,0,Oriental,385710798.0,17,Intake,English,Pretrial,Jail Inmate,Divorced,1358466236.0,1,8,Medium
PRETRIAL,1,Caucasian,-916751172.0,22,Intake,English,Post Sentence,Probation,Widowed,1358418470.0,1,8,Medium
PRETRIAL,1,Hispanic,-615401866.0,17,Intake,English,Post Sentence,Jail Inmate,Single,1359393563.0,2,8,Medium
PRETRIAL,0,African-American,-864804067.0,17,Intake,English,Post Sentence,Jail Inmate,Divorced,1358497098.0,4,8,Low
PRETRIAL,0,African-American,-1265759716.0,22,Intake,English,Post Sentence,Jail Inmate,Divorced,1357481306.0,3,8,Medium
PRETRIAL,0,Hispanic,316059673.0,17,Intake,English,Post Sentence,Residential Program,Divorced,1358552983.0,1,8,Medium
Probation,1,African-American,419990743.0,22,Intake,English,Post Sentence,Jail Inmate,Single,1357482384.0,1,8,Low
PRETRIAL,1,African-American,-887551389.0,17,Intake,English,Pretrial,Jail Inmate,Single,1357486894.0,1,8,Medium
PRETRIAL,1,African-American,410041291.0,17,Intake,English,Post Sentence,Jail Inmate,Single,1357417145.0,1,8,Medium
Probation,1,African-American,-941566550.0,22,Intake,English,Post Sentence,Jail Inmate,Widowed,1357437076.0,4,8,Medium
Probation,0,Hispanic,-932362432.0,22,Intake,English,Post Sentence,Jail Inmate,Widowed,1358543327.0,1,8,Medium
PRETRIAL,1,Hispanic,425520348.0,17,Intake,English,Post Sentence,Residential Program,Single,1358463569.0,1,8,Medium
Probation,1,Hispanic,-246396598.0,17,Intake,English,Post Sentence,Jail Inmate,Single,1358365476.0,4,8,Medium
PRETRIAL,1,Hispanic,46894985.0,17,Intake,English,Post Sentence,Jail Inmate,Divorced,1358499824.0,1,8,Medium
Probation,1,Hispanic,-1243181212.0,22,Intake,English,Post Sentence,Probation,Divorced,1359471901.0,4,8,Medium
PRETRIAL,0,Caucasian,-905068921.0,17,Intake,English,Post Sentence,Jail Inmate,Widowed,1358414721.0,2,8,Medium
Probation,1,Caucasian,-891671147.0,22,Intake,English,Post Sentence,Jail Inmate,Single,1358486788.0,1,8,Low
Probation,1,Oriental,458986220.0,17,Intake,English,Post Sentence,Probation,Single,1358500835.0,1,8,Low
PRETRIAL,1,Hispanic,-916611729.0,17,Intake,English,Post Sentence,Jail Inmate,Widowed,1357417653.0,1,8,Medium
PRETRIAL,1,African-American,418089710.0,17,Intake,English,Post Sentence,Probation,Divorced,1357493095.0,1,8,Medium
PRETRIAL,1,Hispanic,-883485210.0,17,Intake,English,Pretrial,Probation,Divorced,1358440567.0,3,8,Medium
Probation,0,Asian,421483969.0,17,Intake,English,Post Sentence,Jail Inmate,Single,1358497330.0,2,8,Medium
PRETRIAL,0,Oriental,-937035932.0,17,Intake,English,Pretrial,Jail Inmate,Single,1357499001.0,1,8,Medium
PRETRIAL,1,African-American,-915861289.0,17,Intake,English,Post Sentence,Probation,Widowed,1358478325.0,1,8,Medium
Probation,0,Hispanic,-866022809.0,17,Intake,English,Post Sentence,Jail Inmate,Single,1358587381.0,2,8,Low
PRETRIAL,1,Hispanic,-947895859.0,17,Intake,English,Pretrial,Residential Program,Divorced,1358395775.0,4,8,Low
Probation,0,African-American,-708845167.0,17,Intake,English,Post Sentence,Jail Inmate,Widowed,1357374856.0,4,8,Medium
PRETRIAL,0,Oriental,442668676.0,17,Intake,English,Pretrial,Probation,Divorced,1358451081.0,1,8,Medium
PRETRIAL,1,Hispanic,-706696409.0,17,Intake,English,Post Sentence,Residential Program,Single,1357462495.0,1,8,Medium
PRETRIAL,0,Oriental,397981826.0,17,Intake,English,Post Sentence,Jail Inmate,Divorced,1358368404.0,2,8,Low
PRETRIAL,1,African-American,-241082072.0,17,Intake,English,Post Sentence,Residential Program,Single,1358315985.0,2,8,Medium
PRETRIAL,1,Hispanic,-1199694027.0,22,Intake,English,Post Sentence,Jail Inmate,Divorced,1358589061.0,4,8,Medium
PRETRIAL,1,African-American,-795784183.0,17,Intake,English,Post Sentence,Probation,Widowed,1359459821.0,1,8,Medium
PRETRIAL,1,Hispanic,274754145.0,17,Intake,English,Post Sentence,Probation,Single,1358402152.0,1,8,Medium
PRETRIAL,1,Hispanic,-931821604.0,17,Intake,English,Post Sentence,Probation,Divorced,1358582478.0,1,8,Medium
PRETRIAL,0,Hispanic,353156687.0,17,Intake,English,Post Sentence,Residential Program,Single,1359501710.0,2,8,Medium
Probation,0,African-American,-279509885.0,17,Intake,English,Pretrial,Jail Inmate,Single,1358390409.0,1,8,Medium
PRETRIAL,0,Hispanic,-1215540652.0,22,Intake,English,Post Sentence,Jail Inmate,Single,1357460501.0,1,8,Medium
Probation,0,Hispanic,393095558.0,17,Intake,English,Pretrial,Jail Inmate,Single,1357451200.0,1,8,Medium
PRETRIAL,1,Oriental,37597961.0,17,Intake,English,Post Sentence,Residential Program,Single,1358298287.0,1,8,Low
PRETRIAL,0,Hispanic,-914007727.0,17,Intake,English,Post Sentence,Jail Inmate,Divorced,1357473631.0,3,8,Medium
PRETRIAL,1,Oriental,-686613898.0,17,Intake,English,Post Sentence,Probation,Widowed,1357375554.0,1,8,Medium
Probation,1,Oriental,-884263293.0,17,Intake,English,Post Sentence,Residential Program,Single,1359490521.0,4,8,Medium
PRETRIAL,1,Hispanic,400941567.0,17,Intake,English,Post Sentence,Residential Program,Divorced,1359481119.0,3,8,Low
PRETRIAL,1,Hispanic,-884066974.0,22,Intake,English,Pretrial,Residential Program,Widowed,1358436703.0,1,8,Medium
PRETRIAL,1,Caucasian,405859456.0,17,Intake,English,Post Sentence,Residential Program,Single,1358515308.0,1,8,Medium
Probation,1,Hispanic,-36829240.0,17,Intake,English,Probation Violator,Probation,Single,1358433185.0,4,8,Medium
PRETRIAL,1,African-American,-950135631.0,17,Intake,English,Pretrial,Jail Inmate,Single,1358449675.0,1,8,Low
PRETRIAL,0,African-American,468060448.0,17,Intake,English,Pretrial,Probation,Single,1357406047.0,1,8,Medium
PRETRIAL,0,African-American,278130977.0,17,Intake,English,Post Sentence,Residential Program,Single,1357435193.0,1,8,Low
PRETRIAL,0,Hispanic,-833102915.0,17,Intake,English,Post Sentence,Probation,Single,1359475903.0,1,8,Medium
PRETRIAL,1,African-American,19030070.0,17,Intake,English,Pretrial,Jail Inmate,Widowed,1357489840.0,1,8,Low
PRETRIAL,1,Hispanic,436930376.0,22,Intake,English,Post Sentence,Residential Program,Single,1358446843.0,1,8,Medium
PRETRIAL,1,Hispanic,417827778.0,17,Intake,English,Post Sentence,Residential Program,Single,1358605397.0,1,8,Medium
PRETRIAL,0,Asian,387511615.0,17,Intake,English,Post Sentence,Probation,Separated,1358386243.0,1,8,Low
PRETRIAL,0,Hispanic,-936556730.0,17,Intake,English,Pretrial,Probation,Single,1357481526.0,2,8,Low
PRETRIAL,1,Hispanic,406200341.0,17,Intake,English,Post Sentence,Probation,Single,1358491840.0,1,8,Low
PRETRIAL,1,Oriental,-884764811.0,17,Intake,English,Post Sentence,Residential Program,Single,1357395287.0,1,8,Low
PRETRIAL,0,Hispanic,-868942106.0,17,Intake,English,Post Sentence,Residential Program,Divorced,1358354868.0,1,8,Medium
Probation,1,Hispanic,26171911.0,17,Intake,English,Post Sentence,Jail Inmate,Single,1358482914.0,3,8,Medium
PRETRIAL,1,African-American,-958933677.0,22,Intake,English,Post Sentence,Residential Program,Single,1358361278.0,4,8,Low
PRETRIAL,0,Oriental,46453896.0,17,Intake,English,Pretrial,Jail Inmate,Single,1358441267.0,1,8,Medium
PRETRIAL,0,Hispanic,-931095775.0,17,Intake,English,Post Sentence,Jail Inmate,Widowed,1359454922.0,1,8,Medium
PRETRIAL,0,Hispanic,-721472807.0,17,Intake,English,Post Sentence,Jail Inmate,Single,1357400309.0,3,8,Low
PRETRIAL,0,African-American,-907953783.0,17,Intake,English,Post Sentence,Residential Program,Divorced,1357462955.0,4,8,Medium
PRETRIAL,0,Caucasian,-936923677.0,17,Intake,English,Post Sentence,Residential Program,Single,1359429461.0,3,8,Medium
Probation,0,African-American,-249517855.0,17,Intake,English,Post Sentence,Jail Inmate,Divorced,1358379132.0,1,8,Medium
PRETRIAL,1,African-American,393851254.0,22,Intake,English,Pretrial,Jail Inmate,Single,1358393301.0,1,8,Medium
PRETRIAL,0,Hispanic,7564102.0,17,Intake,English,Post Sentence,Jail Inmate,Single,1359427356.0,1,8,Low
PRETRIAL,0,Hispanic,-932735425.0,17,Intake,English,Post Sentence,Residential Program,Widowed,1357485135.0,2,8,Low
PRETRIAL,0,Caucasian,430564044.0,17,Intake,English,Post Sentence,Jail Inmate,Single,1358572536.0,1,8,Medium
Probation,0,African-American,-903440788.0,17,Intake,English,Post Sentence,Jail Inmate,Widowed,1358491269.0,1,8,Medium
Probation,0,Oriental,338576384.0,17,Intake,English,Pretrial,Probation,Separated,1358492926.0,1,8,Low
PRETRIAL,0,Oriental,19573518.0,17,Intake,English,Pretrial,Jail Inmate,Divorced,1358387354.0,1,8,Low
PRETRIAL,1,African-American,419329094.0,17,Intake,English,Post Sentence,Probation,Divorced,1358324892.0,1,8,Medium
PRETRIAL,1,African-American,442389475.0,17,Intake,English,Post Sentence,Jail Inmate,Single,1357416150.0,2,8,Medium
PRETRIAL,1,Hispanic,-921017056.0,17,Intake,English,Post Sentence,Residential Program,Single,1359442211.0,1,8,Medium
PRETRIAL,1,Oriental,-882361040.0,17,Intake,English,Post Sentence,Residential Program,Widowed,1358433548.0,2,8,Low
PRETRIAL,0,Oriental,458215471.0,17,Intake,English,Post Sentence,Jail Inmate,Divorced,1358311327.0,1,8,Medium
PRETRIAL,0,Hispanic,407113079.0,17,Intake,English,Pretrial,Residential Program,Single,1358389234.0,1,8,Medium
PRETRIAL,0,African-American,-306004398.0,22,Intake,English,Post Sentence,Probation,Single,1357478618.0,1,8,Medium
PRETRIAL,0,African-American,338748595.0,17,Intake,English,Post Sentence,Jail Inmate,Single,1357435662.0,4,8,Medium
Probation,1,Hispanic,-946401452.0,17,Intake,English,Post Sentence,Probation,Single,1358582564.0,4,8,Low
PRETRIAL,1,Caucasian,-890761093.0,17,Intake,English,Pretrial,Probation,Single,1357433457.0,3,8,Medium
PRETRIAL,1,African-American,-923282512.0,17,Intake,English,Post Sentence,Residential Program,Single,1358524438.0,1,8,Medium
PRETRIAL,1,African-American,25723929.0,17,Intake,English,Post Sentence,Jail Inmate,Single,1358444257.0,1,8,Low
PRETRIAL,1,African-American,-948208537.0,17,Intake,English,Post Sentence,Residential Program,Widowed,1358396467.0,4,8,Medium
Probation,1,African-American,-893726061.0,17,Intake,English,Pretrial,Jail Inmate,Single,1358483241.0,4,8,Medium
Probation,1,Caucasian,-926102842.0,17,Intake,English,Pretrial,Jail Inmate,Widowed,1357478423.0,1,8,Low
Probation,0,Oriental,322658605.0,22,Intake,English,Post Sentence,Probation,Widowed,1359396715.0,1,8,Medium
PRETRIAL,0,Hispanic,7592646.0,17,Intake,English,Post Sentence,Jail Inmate,Widowed,1359387345.0,1,8,Medium
PRETRIAL,1,African-American,-913463616.0,17,Intake,English,Pretrial,Jail Inmate,Widowed,1358385061.0,2,8,Medium
PRETRIAL,0,African-American,448582644.0,17,Intake,English,Post Sentence,Jail Inmate,Divorced,1357423506.0,1,8,Medium
PRETRIAL,0,African-American,-929793674.0,22,Intake,English,Post Sentence,Residential Program,Single,1357493637.0,1,8,Low
PRETRIAL,1,Asian,-895395792.0,17,Intake,English,Post Sentence,Residential Program,Widowed,1357443913.0,1,8,Medium
Probation,1,Hispanic,-28976495.0,17,Intake,English,Post Sentence,Jail Inmate,Divorced,1359411985.0,1,8,Low
PRETRIAL,1,Oriental,-622519273.0,17,Intake,English,Post Sentence,Probation,Single,1357403010.0,3,8,Low
PRETRIAL,1,Asian,-679706697.0,17,Intake,English,Probation Violator,Jail Inmate,Divorced,1358390370.0,1,8,Medium
PRETRIAL,1,Hispanic,-957186558.0,17,Intake,English,Pretrial,Jail Inmate,Divorced,1358394153.0,1,8,Low
PRETRIAL,1,Oriental,-280311387.0,17,Intake,English,Post Sentence,Jail Inmate,Single,1358603470.0,1,8,Medium
PRETRIAL,1,Hispanic,-959954251.0,17,Intake,English,Post Sentence,Jail Inmate,Single,1358393848.0,1,8,Medium
Probation,1,Hispanic,-913998047.0,17,Intake,English,Pretrial,Jail Inmate,Single,1357482490.0,1,8,Medium
PRETRIAL,0,African-American,365512888.0,17,Intake,English,Post Sentence,Probation,Single,1358354305.0,2,8,Low
PRETRIAL,1,African-American,378039554.0,17,Intake,English,Post Sentence,Jail Inmate,Single,1358268339.0,2,8,Medium
PRETRIAL,1,Oriental,431284732.0,17,Intake,English,Pretrial,Jail Inmate,Single,1358446477.0,1,8,Low
PRETRIAL,1,African-American,-852693719.0,17,Intake,English,Post Sentence,Jail Inmate,Single,1358502644.0,1,8,Medium
Probation,1,Hispanic,54169212.0,17,Intake,English,Post Sentence,Probation,Divorced,1357482236.0,1,8,Medium
PRETRIAL,0,Hispanic,344672198.0,17,Intake,English,Post Sentence,Jail Inmate,Single,1358446421.0,1,8,Medium
Probation,1,Asian,-783087155.0,22,Intake,English,Post Sentence,Jail Inmate,Single,1357468869.0,1,8,Medium
PRETRIAL,1,Hispanic,-893648861.0,17,Intake,English,Post Sentence,Jail Inmate,Widowed,1359440150.0,1,8,Medium
PRETRIAL,1,Hispanic,-961924815.0,22,Intake,English,Post Sentence,Jail Inmate,Divorced,1357460736.0,1,8,Medium
PRETRIAL,1,Hispanic,278195971.0,17,Intake,English,Pretrial,Probation,Single,1357490906.0,1,8,Medium
PRETRIAL,1,Hispanic,440975985.0,17,Intake,English,Post Sentence,Jail Inmate,Single,1357444340.0,1,8,Medium
PRETRIAL,1,African-American,-859574206.0,17,Intake,English,Post Sentence,Probation,Widowed,1359488303.0,1,8,Medium
PRETRIAL,0,Hispanic,466971182.0,17,Intake,English,Pretrial,Residential Program,Widowed,1357417217.0,1,8,Low
PRETRIAL,0,Caucasian,36917016.0,17,Intake,English,Post Sentence,Residential Program,Single,1358513979.0,3,8,Low
PRETRIAL,1,Oriental,451921746.0,17,Intake,English,Post Sentence,Jail Inmate,Separated,1358377125.0,3,8,Medium
PRETRIAL,1,African-American,-836182805.0,17,Intake,English,Post Sentence,Probation,Divorced,1359407115.0,1,8,Low
PRETRIAL,0,African-American,351402828.0,17,Intake,English,Post Sentence,Residential Program,Divorced,1357479298.0,2,8,Low
PRETRIAL,1,African-American,-829872632.0,17,Intake,English,Post Sentence,Residential Program,Widowed,1358415504.0,4,8,Low
PRETRIAL,0,Hispanic,-951719571.0,17,Intake,English,Post Sentence,Residential Program,Widowed,1359406860.0,4,8,Medium
PRETRIAL,1,Hispanic,-90734144.0,17,Intake,English,Post Sentence,Jail Inmate,Single,1358438573.0,1,8,Medium
PRETRIAL,0,African-American,-722471790.0,22,Intake,English,Pretrial,Probation,Single,1357492868.0,1,8,Medium
PRETRIAL,1,African-American,-945248849.0,17,Intake,English,Pretrial,Residential Program,Single,1357438005.0,1,8,Medium
PRETRIAL,1,Hispanic,420452839.0,17,Intake,English,Pretrial,Jail Inmate,Single,1358419184.0,1,8,Medium
PRETRIAL,0,Caucasian,-870134681.0,17,Intake,English,Pretrial,Probation,Divorced,1358386189.0,1,8,Low
PRETRIAL,1,Caucasian,-1226869192.0,17,Intake,English,Post Sentence,Jail Inmate,Single,1359450589.0,3,8,Low
PRETRIAL,1,Hispanic,-916495545.0,17,Intake,English,Pretrial,Residential Program,Single,1359407065.0,3,8,Low
PRETRIAL,0,Oriental,-683455672.0,17,Intake,English,Post Sentence,Probation,Widowed,1358547800.0,1,8,Medium
PRETRIAL,0,Caucasian,431009999.0,17,Intake,English,Post Sentence,Jail Inmate,Divorced,1357421992.0,4,8,Medium
PRETRIAL,0,Hispanic,390313543.0,17,Intake,English,Pretrial,Probation,Single,1358346185.0,1,8,Low
PRETRIAL,1,Hispanic,-868775372.0,17,Intake,English,Pretrial,Probation,Single,1359407738.0,1,8,Medium
PRETRIAL,1,Hispanic,422762534.0,17,Intake,English,Pretrial,Residential Program,Divorced,1358493729.0,1,8,Medium
PRETRIAL,1,African-American,-881249444.0,17,Intake,English,Post Sentence,Probation,Single,1357467246.0,1,8,Medium
PRETRIAL,1,Hispanic,-922515098.0,17,Intake,English,Post Sentence,Residential Program,Divorced,1359438995.0,2,8,Medium
Probation,1,Hispanic,-879445304.0,22,Intake,English,Post Sentence,Residential Program,Divorced,1358486786.0,1,8,Medium
PRETRIAL,0,Hispanic,-1231581836.0,17,Intake,English,Post Sentence,Jail Inmate,Single,1358421477.0,4,8,Medium
Probation,0,African-American,296639129.0,17,Intake,English,Pretrial,Jail Inmate,Divorced,1358299350.0,1,8,Medium
PRETRIAL,0,Oriental,397214632.0,17,Intake,English,Post Sentence,Jail Inmate,Divorced,1357390447.0,1,8,Medium
PRETRIAL,1,Hispanic,-247451128.0,17,Intake,English,Post Sentence,Residential Program,Single,1359476258.0,1,8,Medium
PRETRIAL,0,African-American,437436747.0,17,Intake,English,Post Sentence,Jail Inmate,Divorced,1357424501.0,2,8,Medium
PRETRIAL,1,Asian,382128705.0,17,Intake,English,Post Sentence,Probation,Single,1358439152.0,1,8,Medium
PRETRIAL,1,Hispanic,313970063.0,17,Intake,English,Post Sentence,Jail Inmate,Single,1357433243.0,1,8,Medium
PRETRIAL,0,Caucasian,401113296.0,17,Intake,English,Post Sentence,Jail Inmate,Divorced,1357456446.0,4,8,Low
PRETRIAL,0,Oriental,385721244.0,17,Intake,English,Post Sentence,Jail Inmate,Single,1357421087.0,2,8,Medium
PRETRIAL,0,Caucasian,-943342469.0,17,Intake,English,Post Sentence,Residential Program,Single,1359493459.0,1,8,Low
PRETRIAL,0,African-American,382870342.0,17,Intake,English,Post Sentence,Jail Inmate,Single,1358305311.0,1,8,Medium
PRETRIAL,0,Hispanic,339703071.0,17,Intake,English,Post Sentence,Residential Program,Widowed,1358421482.0,4,8,Medium
PRETRIAL,1,Hispanic,-841676457.0,17,Intake,English,Pretrial,Jail Inmate,Divorced,1357424462.0,1,8,Medium
PRETRIAL,1,Hispanic,-899648932.0,17,Intake,English,Post Sentence,Residential Program,Divorced,1358472482.0,1,8,Medium
PRETRIAL,0,Hispanic,-899470987.0,17,Intake,English,Post Sentence,Jail Inmate,Single,1358500890.0,1,8,Medium
PRETRIAL,1,Hispanic,449636596.0,17,Intake,English,Post Sentence,Jail Inmate,Single,1357482797.0,4,8,Medium
PRETRIAL,1,Caucasian,-909815474.0,17,Intake,English,Post Sentence,Jail Inmate,Widowed,1358311300.0,1,8,Medium
PRETRIAL,1,African-American,715441099.0,17,Intake,English,Post Sentence,Jail Inmate,Single,1359415221.0,2,8,Medium
PRETRIAL,1,Hispanic,364370368.0,17,Intake,English,Pretrial,Probation,Single,1358432353.0,1,8,Medium
PRETRIAL,1,Hispanic,-617069645.0,17,Intake,English,Post Sentence,Probation,Widowed,1357417338.0,1,8,Medium
Probation,1,Caucasian,12042840.0,17,Intake,English,Post Sentence,Jail Inmate,Single,1359409230.0,1,8,Medium
PRETRIAL,1,Oriental,29929911.0,17,Intake,English,Post Sentence,Jail Inmate,Divorced,1359402140.0,1,8,Medium
PRETRIAL,0,Hispanic,430181768.0,17,Intake,English,Post Sentence,Jail Inmate,Divorced,1359498472.0,1,8,Low
PRETRIAL,0,Hispanic,-864027477.0,17,Intake,English,Pretrial,Jail Inmate,Single,1358564313.0,4,8,Low
PRETRIAL,0,Hispanic,-864207875.0,17,Intake,English,Post Sentence,Jail Inmate,Single,1358390258.0,1,8,Medium
PRETRIAL,1,Hispanic,369759867.0,17,Intake,English,Pretrial,Residential Program,Single,1358549856.0,1,8,Low
PRETRIAL,1,African-American,-866334860.0,17,Intake,English,Pretrial,Jail Inmate,Single,1358425178.0,4,8,Medium
PRETRIAL,0,Oriental,436862774.0,17,Intake,English,Post Sentence,Residential Program,Divorced,1357438576.0,1,8,Medium
PRETRIAL,1,African-American,-912073868.0,17,Intake,English,Post Sentence,Jail Inmate,Divorced,1357497020.0,1,8,Medium
PRETRIAL,1,Hispanic,-890031031.0,17,Intake,English,Post Sentence,Jail Inmate,Widowed,1357496593.0,1,8,Low
PRETRIAL,0,Hispanic,-1249523697.0,17,Intake,English,Post Sentence,Residential Program,Divorced,1358447375.0,3,8,Medium
PRETRIAL,1,Caucasian,-7785306.0,17,Intake,English,Post Sentence,Probation,Single,1358453915.0,1,8,Low
Probation,1,African-American,381511877.0,17,Intake,English,Post Sentence,Jail Inmate,Widowed,1359463363.0,1,8,Low
PRETRIAL,1,Hispanic,-945805071.0,17,Intake,English,Post Sentence,Jail Inmate,Widowed,1359441638.0,1,8,Medium
Probation,1,African-American,377397013.0,17,Intake,English,Post Sentence,Jail Inmate,Widowed,1358437451.0,1,8,Low
PRETRIAL,1,Oriental,341408872.0,17,Intake,English,Post Sentence,Probation,Widowed,1358415884.0,3,8,Low
Probation,1,Hispanic,-948118487.0,17,Intake,English,Post Sentence,Jail Inmate,Widowed,1357459922.0,1,8,Medium
PRETRIAL,1,Hispanic,45881262.0,17,Intake,English,Post Sentence,Probation,Divorced,1358513273.0,1,8,Medium
Probation,0,Caucasian,34940427.0,17,Intake,English,Post Sentence,Jail Inmate,Widowed,1357413972.0,1,8,Medium
PRETRIAL,1,African-American,-862563472.0,17,Intake,English,Pretrial,Jail Inmate,Single,1359490342.0,1,8,Medium
PRETRIAL,0,Hispanic,-921727901.0,17,Intake,English,Post Sentence,Jail Inmate,Divorced,1357402726.0,4,8,Medium
PRETRIAL,1,Hispanic,-661552007.0,17,Intake,English,Pretrial,Jail Inmate,Single,1358497699.0,1,8,Medium
PRETRIAL,0,African-American,-1224969672.0,17,Intake,English,Post Sentence,Jail Inmate,Divorced,1357497537.0,1,8,Low
PRETRIAL,1,Caucasian,-927602571.0,17,Intake,English,Post Sentence,Probation,Divorced,1358448564.0,2,8,Medium
PRETRIAL,1,African-American,-952041215.0,17,Intake,English,Post Sentence,Jail Inmate,Single,1357379306.0,2,8,Medium
PRETRIAL,0,African-American,-871615313.0,17,Intake,English,Post Sentence,Residential Program,Single,1359390431.0,1,8,Low
PRETRIAL,1,African-American,355851920.0,17,Intake,English,Post Sentence,Probation,Widowed,1358401574.0,1,8,Medium
PRETRIAL,1,Oriental,410273963.0,17,Intake,English,Post Sentence,Jail Inmate,Single,1359419663.0,2,8,Medium
PRETRIAL,1,Hispanic,-915624558.0,17,Intake,English,Post Sentence,Jail Inmate,Widowed,1357388410.0,1,8,Medium
PRETRIAL,1,Hispanic,307457195.0,17,Intake,English,Post Sentence,Probation,Divorced,1359478595.0,1,8,Medium
PRETRIAL,1,African-American,276923495.0,17,Intake,English,Pretrial,Residential Program,Widowed,1358547381.0,3,8,Medium
PRETRIAL,0,Asian,381568064.0,17,Intake,English,Post Sentence,Probation,Divorced,1358280482.0,1,8,Medium
Probation,1,Hispanic,414990862.0,17,Intake,English,Pretrial,Residential Program,Divorced,1357379714.0,1,8,Medium
PRETRIAL,1,African-American,-940989390.0,17,Intake,English,Post Sentence,Residential Program,Divorced,1358549701.0,3,8,Medium
PRETRIAL,0,African-American,-908538134.0,17,Intake,English,Post Sentence,Residential Program,Widowed,1357374805.0,1,8,Low
PRETRIAL,0,Hispanic,396348061.0,22,Intake,English,Post Sentence,Jail Inmate,Divorced,1358516354.0,2,8,Medium
PRETRIAL,1,Hispanic,-941810632.0,17,Intake,English,Post Sentence,Residential Program,Single,1358577510.0,1,8,Low
Probation,0,Hispanic,-893271685.0,17,Intake,English,Post Sentence,Probation,Single,1357491370.0,4,8,Medium
PRETRIAL,1,Oriental,452797906.0,17,Intake,English,Post Sentence,Jail Inmate,Single,1359403697.0,1,8,Medium
Probation,1,African-American,409171704.0,17,Intake,English,Post Sentence,Jail Inmate,Divorced,1358594600.0,4,8,Medium
PRETRIAL,0,African-American,-873968632.0,17,Intake,English,Post Sentence,Jail Inmate,Divorced,1358401249.0,4,8,Medium
PRETRIAL,1,Caucasian,403237044.0,17,Intake,English,Post Sentence,Probation,Single,1358501947.0,3,8,Low
PRETRIAL,1,African-American,412439082.0,17,Intake,English,Post Sentence,Residential Program,Single,1358488798.0,1,8,Medium
Probation,1,African-American,38235433.0,17,Intake,English,Pretrial,Jail Inmate,Widowed,1357480241.0,2,8,Medium
PRETRIAL,1,African-American,-30596280.0,17,Intake,English,Post Sentence,Residential Program,Single,1358384846.0,1,8,Medium
PRETRIAL,0,Caucasian,61080817.0,17,Intake,English,Post Sentence,Residential Program,Single,1358273392.0,4,8,Low
Probation,0,African-American,-955132681.0,17,Intake,English,Post Sentence,Residential Program,Divorced,1359408073.0,4,8,Medium
PRETRIAL,1,Hispanic,12314543.0,17,Intake,English,Post Sentence,Probation,Widowed,1357490540.0,3,8,Medium
PRETRIAL,0,African-American,-887919845.0,17,Intake,English,Post Sentence,Probation,Single,1357422088.0,1,8,Medium
PRETRIAL,0,Oriental,-957695327.0,17,Intake,English,Post Sentence,Residential Program,Divorced,1359479869.0,1,8,Medium
PRETRIAL,1,Oriental,-776178111.0,17,Intake,English,Post Sentence,Jail Inmate,Single,1358431079.0,4,8,Medium
Probation,1,Caucasian,374822825.0,17,Intake,English,Post Sentence,Jail Inmate,Single,1357422002.0,3,8,Medium
PRETRIAL,1,African-American,12271327.0,17,Intake,English,Pretrial,Jail Inmate,Single,1357470123.0,4,8,Medium
PRETRIAL,1,African-American,389169805.0,17,Intake,English,Post Sentence,Residential Program,Single,1357451383.0,1,8,Medium
PRETRIAL,0,Hispanic,282348594.0,17,Intake,English,Post Sentence,Jail Inmate,Divorced,1358410220.0,1,8,Medium
Probation,1,African-American,-952413046.0,22,Intake,English,Post Sentence,Residential Program,Widowed,1359451735.0,4,8,Low
Probation,1,Asian,-883711844.0,17,Intake,English,Post Sentence,Probation,Single,1358464659.0,1,8,Low
Probation,0,Caucasian,-919924783.0,17,Intake,English,Post Sentence,Jail Inmate,Single,1358480096.0,1,8,Low
PRETRIAL,0,Hispanic,-867864273.0,17,Intake,English,Pretrial,Jail Inmate,Divorced,1357459077.0,1,8,Medium
Probation,0,Oriental,10223628.0,17,Intake,English,Post Sentence,Residential Program,Single,1358456753.0,4,8,Medium
PRETRIAL,0,African-American,384946989.0,17,Intake,English,Pretrial,Residential Program,Single,1359453375.0,1,8,Medium
PRETRIAL,0,Asian,420991321.0,17,Intake,English,Post Sentence,Probation,Single,1357385772.0,3,8,Low
PRETRIAL,1,African-American,-781760550.0,17,Intake,English,Post Sentence,Jail Inmate,Divorced,1357492653.0,1,8,Medium
PRETRIAL,1,Asian,50277065.0,17,Intake,English,Post Sentence,Jail Inmate,Divorced,1359468275.0,1,8,Low
PRETRIAL,0,African-American,381052753.0,22,Intake,English,Post Sentence,Residential Program,Single,1358535945.0,1,8,Medium
Probation,0,Asian,-943998502.0,17,Intake,English,Post Sentence,Jail Inmate,Widowed,1357460978.0,1,8,Low
PRETRIAL,0,Hispanic,15311337.0,22,Intake,English,Post Sentence,Jail Inmate,Widowed,1357452016.0,1,8,Medium
PRETRIAL,0,African-American,-949388157.0,17,Intake,English,Post Sentence,Jail Inmate,Single,1357456781.0,2,8,Medium
PRETRIAL,0,Asian,-666735094.0,17,Intake,English,Post Sentence,Residential Program,Divorced,1357421710.0,1,8,Medium
PRETRIAL,1,Oriental,-866295235.0,17,Intake,English,Post Sentence,Probation,Single,1357446047.0,3,8,Medium
PRETRIAL,1,Hispanic,-723563940.0,22,Intake,English,Post Sentence,Probation,Divorced,1357456928.0,2,8,Low
PRETRIAL,1,Hispanic,-917778270.0,17,Intake,English,Post Sentence,Residential Program,Single,1357399503.0,1,8,Medium
PRETRIAL,1,Hispanic,-699095186.0,17,Intake,English,Post Sentence,Residential Program,Widowed,1357437884.0,1,8,Medium
PRETRIAL,1,African-American,-933166787.0,17,Intake,English,Pretrial,Residential Program,Single,1359268516.0,1,8,Medium
PRETRIAL,1,Caucasian,-906831596.0,17,Intake,English,Post Sentence,Residential Program,Divorced,1358389701.0,3,8,Medium
PRETRIAL,1,African-American,-941855615.0,17,Intake,English,Post Sentence,Jail Inmate,Divorced,1357488378.0,4,8,Low
PRETRIAL,1,African-American,-932019334.0,17,Intake,English,Post Sentence,Jail Inmate,Single,1359394323.0,1,8,Low
PRETRIAL,1,African-American,319476377.0,17,Intake,English,Post Sentence,Residential Program,Single,1358613668.0,4,8,Low
PRETRIAL,1,Asian,336260986.0,17,Intake,English,Post Sentence,Jail Inmate,Divorced,1358310056.0,1,8,Medium
PRETRIAL,0,Asian,20067024.0,17,Intake,English,Post Sentence,Residential Program,Widowed,1359435710.0,1,8,Medium
PRETRIAL,1,Oriental,-935693224.0,17,Intake,English,Post Sentence,Jail Inmate,Divorced,1358419052.0,1,8,Medium
PRETRIAL,0,African-American,-11297508.0,17,Intake,English,Pretrial,Jail Inmate,Single,1358428624.0,1,8,Medium
PRETRIAL,1,Caucasian,-950352168.0,17,Intake,English,Post Sentence,Residential Program,Single,1357421500.0,1,8,Medium
PRETRIAL,1,Hispanic,-1190986530.0,17,Intake,English,Post Sentence,Residential Program,Single,1358321981.0,1,8,Low
PRETRIAL,0,Hispanic,-952395494.0,17,Intake,English,Post Sentence,Jail Inmate,Single,1357416283.0,4,8,Low
Probation,0,Hispanic,-887066614.0,17,Intake,English,Post Sentence,Probation,Single,1358354177.0,1,8,Medium
Probation,0,African-American,-9547204.0,17,Intake,English,Pretrial,Jail Inmate,Single,1357403501.0,1,8,Medium
PRETRIAL,1,Caucasian,406319923.0,17,Intake,English,Post Sentence,Jail Inmate,Single,1357405368.0,2,8,Medium
PRETRIAL,1,African-American,349802488.0,17,Intake,English,Pretrial,Probation,Widowed,1358311403.0,1,8,Medium
PRETRIAL,1,African-American,444968358.0,17,Intake,English,Post Sentence,Jail Inmate,Single,1358493627.0,4,8,Medium
